DESCRIPCION ;CODIGO_BARRA;FABRICANTE;UNIDAD;PRECIO_NORMAL;SUCURSAL
ANTIMOHO 500GR;7.86101E+12;LA ESPAﾑOLA;UND;4.17;MILAGRO
AGUA 1.200 DASANI X6U;7.86102E+12;NESTLE;UND;0.55;SAMBORONDON
AGUA 3.78 LT DASANI X4U;64654654654;LA FAVORITA;UND;1.23;MILAGRO
AGUA 3.80 LT DASANI X4U;7.86102E+12;LA ESPAﾑOLA;UND;1.23;MILAGRO2
AGUA 6.05 LT DASANI X4U;7.86102E+12;LA ESPAﾑOLA;UND;1.55;MILAGRO
AGUA 600ML DASANI  X12U;7861024 x 16 cargad;LA ESPAﾑOLA;UND;0.36;MILAGRO
AGUA 600ML DASANI  X16U;7.86102E+12;LA ESPAﾑOLA;UND;0.39;MILAGRO
AGUA SPLENDOR 1.5LT;7.8621E+12;LA ESPAﾑOLA;UND;0.89;MILAGRO
AGUA SPLENDOR 1LT;7.8621E+12;LA ESPAﾑOLA;UND;0.72;MILAGRO
AGUA SPLENDOR 500ML;7.8621E+12;LA ESPAﾑOLA;UND;0.44;SAMBORONDON
AGUA SPLENDOR 5LT;7.8621E+12;LA ESPAﾑOLA;UND;1.73;MILAGRO
AGUA SPLENDOR 750ML;7.8621E+12;LA ESPAﾑOLA;UND;0.62;MILAGRO
AGUA SPLENDOR C/GAS 500ML;1.78621E+13;NESTLE;UND;0.56;MILAGRO
ALIﾃ前 CASERO 240GR MI SAZON  X36;7.8621E+12;LA ESPAﾑOLA;UND;1.15;MILAGRO
ALIﾃ前 CASERO 30GR MI SAZON  X12;7.8621E+12;LA ESPAﾑOLA;TIR;4.42;MILAGRO
ALIﾃ前 CRIOLLO 240GR MI SAZON  X36;7.8621E+12;LA ESPAﾑOLA;UND;0.98;MILAGRO
ALIﾃ前 CRIOLLO 30GR MI SAZON  X12;7.8621E+12;LA ESPAﾑOLA;TIR;3.29;MILAGRO2
ALIﾃ前 DEL MAR 240GR MI SAZON  X36;7.8621E+12;LA ESPAﾑOLA;UND;0.98;MILAGRO
ALIﾃ前 DEL MAR 30GR MI SAZON  X12;7.8621E+12;LA ESPAﾑOLA;TIR;3.29;MILAGRO
ALIﾃ前 HIERBAS FINAS 240GR MI SAZON  X36;7.8621E+12;LA ESPAﾑOLA;UND;0.98;MILAGRO2
ALIﾃ前 HIERBAS FINAS 30GR MI SAZON  TX12;7.8621E+12;LA ESPAﾑOLA;TIR;3.29;MILAGRO
ARCH.-FOLDER NEGRO OFFICE;4.89462E+12;LA ESPAﾑOLA;UND;1.85;MILAGRO
ACEITE 450ML SAO BOTELLA X24U;7.7731E+12;LA ESPAﾑOLA;UND;1.05;MILAGRO
ACEITE 900 ML SAO BOTELLA X12U;7.7731E+12;LA ESPAﾑOLA;UND;1.85;MILAGRO
ACHIOTE 350ML EL SABOR;7.86101E+12;LA ESPAﾑOLA;UND;1.58;MILAGRO
ACHIOTE 500ML EL SABOR;7.86101E+12;LA ESPAﾑOLA;UND;1.92;MILAGRO
ALIﾃ前 COMPLETO 215GR DOYP EL SABOR;7.86101E+12;LA ESPAﾑOLA;UND;0.63;MILAGRO
ALIﾃ前 PREPARADO 500GR EL SABOR;7.86101E+12;LA ESPAﾑOLA;UND;1.26;MILAGRO
ANILLOS DE CEBOLLA 60X21GR;7.86107E+12;LA ESPAﾑOLA;UND;0.36;MILAGRO
ACHIOTE 90GR FARVE;7.86212E+12;LA ESPAﾑOLA;UND;0.56;MILAGRO
AJO EN POLVO 30GR FARVE;7.86212E+12;LA ESPAﾑOLA;UND;0.87;MILAGRO
ALMENDRAS 50GR FARVE;7.86212E+12;LA ESPAﾑOLA;UND;0.99;MILAGRO
ANIS ESPAﾃ前L 30GR FARVE;7.86212E+12;LA ESPAﾑOLA;UND;0.56;MILAGRO
ANIS ESPAﾃ前L TIRA X20 DON GOURMET;7.86212E+12;LA ESPAﾑOLA;UND;1.04;MILAGRO
ANIS ESTRELLADO 20GR FARVE;7.86212E+12;LA ESPAﾑOLA;UND;0.75;MILAGRO
ALPINETTE CEREZA 140GR.;7.702E+12;LA ESPAﾑOLA;UND;1.37;MILAGRO
ALPINETTE DURAZNO 140GR.;7.702E+12;LA ESPAﾑOLA;UND;1.37;MILAGRO
ALPINETTE FRESA 140GR.;7.702E+12;LA ESPAﾑOLA;UND;1.37;MILAGRO
ALPINETTE MORA 140GR.;7.702E+12;LA ESPAﾑOLA;UND;1.37;MILAGRO
AREQUIPE 250GR ALPINA;7.86109E+12;LA ESPAﾑOLA;UND;2.06;MILAGRO
AREQUIPE 500GR VASO ALPINA;7.86109E+12;LA ESPAﾑOLA;UND;3.27;MILAGRO
AREQUIPE VASO 50gr PAQ X6U ALPINA;7.86109E+12;LA ESPAﾑOLA;PAQ;3.19;MILAGRO
ARROZ @ ARNEJO ENVEJECIDO;7.86211E+12;LA ESPAﾑOLA;UND;12;MILAGRO
ARROZ @ ARNEJO NATURAL;7.86211E+12;LA ESPAﾑOLA;UND;11.5;MILAGRO
ARROZ @ EL PROPIO NATURAL;7.86211E+12;LA ESPAﾑOLA;UND;11.75;MILAGRO
ARROZ @ RESERVA ESP/ENV(ROJO);7.86211E+12;LA ESPAﾑOLA;UND;12.25;MILAGRO
ARROZ @ RESERVA ESP/NAT(AZUL);7.86211E+12;LA ESPAﾑOLA;UND;11.5;MILAGRO
ARROZ ARNEJO ENVEJECIDO X100LB;1107;LA ESPAﾑOLA;LIB;0.5;MILAGRO
ARROZ ARNEJO NATURAL  X100LB;1049;LA ESPAﾑOLA;LIB;0.48;MILAGRO
ACEITE DEL CAMPO  5 LT;7.868E+12;LA ESPAﾑOLA;UND;8.5;MILAGRO
ACEITE DEL CAMPO -PALMA  900ML BOT X20U;7.868E+12;LA ESPAﾑOLA;UND;1.59;MILAGRO
ACEITE DEL CAMPO -SOYA  900ML BOT X20U;7.868E+12;LA ESPAﾑOLA;UND;1.59;MILAGRO
ACEITE GIRASOL  KORNCHEN  810 ML X 15U;4.82006E+12;LA ESPAﾑOLA;UND;2.75;MILAGRO
ACEITE ROJO PRIDE 500ML X12U;7.59101E+12;LA ESPAﾑOLA;UND;3.98;MILAGRO
AFEITA RASTORMAX 3H GRIS PAQX5U;7.36372E+11;LA ESPAﾑOLA;PAQ;3.54;MILAGRO
AFEITA RAZZUMAX 3H AZUL PAQX5U;7.36372E+11;LA ESPAﾑOLA;PAQ;2.25;MILAGRO
AFEITADORA  RAZZURA 3H BLISTER + 10 C;6.9709E+12;LA ESPAﾑOLA;PAQ;4.24;MILAGRO
AFEITADORA RASTORMAX 3H    30PL;6.9709E+12;LA ESPAﾑOLA;M/P;7.98;MILAGRO
AFEITADORA RAZZUMAX  3 AZUL 30PL;6.9709E+12;LA ESPAﾑOLA;M/P;5.08;MILAGRO
AFEITADORA RAZZURAX AMARILLA 36 PL;6.9709E+12;LA ESPAﾑOLA;M/P;3.21;MILAGRO
AFEITADORA RAZZURAX AMARILLA PAQ.X5;7.36372E+11;LA ESPAﾑOLA;PAQ;1.39;MILAGRO
AGUA 6 LT VIVANT X4U;7.94166E+11;LA ESPAﾑOLA;UND;1.4;MILAGRO
AGUA 600ML VIVANTx20U;78603363;LA ESPAﾑOLA;UND;0.23;MILAGRO
APANADURA (GRILE) 500GR;7.86101E+12;LA ESPAﾑOLA;UND;1.74;MILAGRO
APANADURA BIMBO 250GR MEDIANA;7.86101E+12;LA ESPAﾑOLA;UND;1.16;MILAGRO
APANADURA DORADA 150GR SUPAN PEQ;7.86101E+12;LA ESPAﾑOLA;UND;0.97;MILAGRO
ACEITU. 250 GR C/PEPA DIMCOFRUT;7.86211E+12;LA ESPAﾑOLA;UND;1.44;MILAGRO
ACEITU. 250 GR SIN PEPA DIMCOFRUT;7.86211E+12;LA ESPAﾑOLA;UND;1.75;MILAGRO
ALMENDRA 100 GR DIMCOFRUT X24U;7.86211E+12;LA ESPAﾑOLA;UND;2.25;MILAGRO
ALMENDRA DEL SUR 20 GR DISPLAY X10U;7.86212E+12;LA ESPAﾑOLA;UND;0.78;MILAGRO
ALMENDRA DEL SUR 200 GR;7.861E+12;LA ESPAﾑOLA;UND;2.93;MILAGRO
ALMENDRA DEL SUR 80GR DISPLAY 10U;7.86212E+12;LA ESPAﾑOLA;UND;1.33;MILAGRO
ARANDANOS POMO 130GR;7.86212E+12;LA ESPAﾑOLA;UND;2.77;MILAGRO
ACOND.SHIZEN 250M PROTE/QUERATINA SIN SAL;7.86211E+12;LA ESPAﾑOLA;UND;3.62;MILAGRO
ARCH.-FOLDER AMARILLO ARTESCO;7.75008E+12;LA ESPAﾑOLA;UND;2.16;MILAGRO
ARCH.-FOLDER AZUL ARTESCO;7.75008E+12;LA ESPAﾑOLA;UND;2.16;MILAGRO
ARCH.-FOLDER CELESTE BENE;7.86115E+12;LA ESPAﾑOLA;UND;2.16;MILAGRO
ARCH.-FOLDER FUCSIA ARTESCO;7.75008E+12;LA ESPAﾑOLA;UND;2.16;MILAGRO
ARCH.-FOLDER LILA ARTESCO;7.75008E+11;LA ESPAﾑOLA;UND;2.16;MILAGRO
ARCH.-FOLDER NARANJA  BENE;7.86115E+12;LA ESPAﾑOLA;UND;2.16;MILAGRO
ARCH.-FOLDER NARANJA ARTESCO;7.75008E+12;LA ESPAﾑOLA;UND;2.16;MILAGRO
ARCH.-FOLDER NEGRO ARTESCO;7.75008E+12;LA ESPAﾑOLA;UND;2.15;MILAGRO
ARCH.-FOLDER ROJO  BENE;7.86115E+12;LA ESPAﾑOLA;UND;2.16;MILAGRO
ARCH.-FOLDER ROJO ARTESCO;7.75008E+12;LA ESPAﾑOLA;UND;2.16;MILAGRO
ARCH.-FOLDER VERDE CLARO;7.75008E+12;LA ESPAﾑOLA;UND;2.16;MILAGRO
ARCH.-FOLDER VERDE OSCURO BENE;7.86115E+12;LA ESPAﾑOLA;UND;2.16;MILAGRO
ARENASTICA NORMA ANIMALES;7.70211E+12;LA ESPAﾑOLA;UND;3.39;MILAGRO
ARENASTICA NORMA HELADA DIVERSION;7.70211E+12;LA ESPAﾑOLA;UND;14.99;MILAGRO
ARENASTICA TORRE/CASTILLO NORMA;7.70211E+12;LA ESPAﾑOLA;UND;23.92;MILAGRO
AJI CRIOLLO ELITE 300GR;7.86211E+12;LA ESPAﾑOLA;UND;2.29;MILAGRO
ACEITE ACHIOT 290GR SAZON BOT X48U z;7.86102E+12;LA ESPAﾑOLA;UND;1.52;MILAGRO
ACEITE ACHIOTE TIRA  20UX20T;7.86102E+12;LA ESPAﾑOLA;TIR;3.77;MILAGRO
AJI P/SECO 50GR  PERUANO;7.86102E+12;LA ESPAﾑOLA;UND;0.4;MILAGRO
AJO DOYPACK 215GR;7.86102E+12;LA ESPAﾑOLA;UND;0.72;MILAGRO
AJO EN POLVO 50GR ILE SOBRE x12U;7.86102E+12;LA ESPAﾑOLA;UND;0.38;MILAGRO
AJO ILE 500GR BOTELLA X24U;7.86102E+12;LA ESPAﾑOLA;UND;1.72;MILAGRO
AJO ILE BOT.320GR;7.86102E+12;LA ESPAﾑOLA;UND;1.3;MILAGRO
AJO VASO No 12      X24U;7.86102E+12;LA ESPAﾑOLA;UND;1.03;MILAGRO
AJO VASO No8   X24U;7.86102E+12;LA ESPAﾑOLA;UND;0.71;MILAGRO
ALINO ILE BOT.320GR;7.86102E+12;LA ESPAﾑOLA;UND;1;MILAGRO
ALINO VASO N.12   X24U z;7.86102E+12;LA ESPAﾑOLA;UND;0.99;MILAGRO
ALINO VASO N.8   X24U;7.86102E+12;LA ESPAﾑOLA;UND;0.5;MILAGRO
ALIﾃ前 190GR VASO #9  X24U z;7.86102E+12;LA ESPAﾑOLA;UND;0.87;MILAGRO
ALIﾃ前 BOTELLA 1KG ILE  X12U;7.86102E+12;LA ESPAﾑOLA;UND;2.82;MILAGRO
ALIﾃ前 BOTELLA 500GR ILE X24U;7.86102E+12;LA ESPAﾑOLA;UND;1.31;MILAGRO
ALIﾃ前 ILE 215GR DOYPACK X60U;7.86102E+12;LA ESPAﾑOLA;UND;0.5;MILAGRO
ALIﾃ前 ILE 25GR SACH TIR 20TX20U;7.86102E+12;LA ESPAﾑOLA;TIR;1.62;MILAGRO
ALIﾃ前 ILE 430GR DOYPACK X40U;7.86102E+12;LA ESPAﾑOLA;UND;0.9;MILAGRO
ALIﾃ前 ILE 70GR TIRA  X12U;7.86102E+12;LA ESPAﾑOLA;TIR;2.43;MILAGRO
AJAX BICARB NARANJA LIMON X1000ML;7.70201E+12;LA ESPAﾑOLA;UND;2.2;MILAGRO
ACEITE LIV GIRASOL/AGUACATE 250 ML;7.86212E+12;LA ESPAﾑOLA;UND;2.99;MILAGRO
ACEITE LIV GIRASOL/COCO 250 ML;7.86212E+12;LA ESPAﾑOLA;UND;3.25;MILAGRO
AGUA TRU TP 1LT X12U;7.86211E+12;LA ESPAﾑOLA;UND;0.41;MILAGRO
ACEITE GUSTISIMO GIRASOL 15 X 900 ML;7.86213E+12;LA ESPAﾑOLA;UND;2.93;MILAGRO
AJINOMOTO AMARILLO 12PX15UX100GR;7.86105E+12;LA ESPAﾑOLA;UND;0.79;MILAGRO
AJINOMOTO KILO 18U;7.86105E+12;LA ESPAﾑOLA;UND;5.03;MILAGRO
AJINOMOTO ROJO  18PX50UX20GR;7.86105E+12;LA ESPAﾑOLA;UND;0.2;MILAGRO
AJINOMOTO SOB.CHICO  X100U;7.86105E+12;LA ESPAﾑOLA;UND;1.75;MILAGRO
AJINOMOTO VERDE   12PX30UX50GR;7.86105E+12;LA ESPAﾑOLA;UND;0.46;MILAGRO
ANTORCHA ANTIMOSQUITO X3U REP.;7.8621E+12;LA ESPAﾑOLA;PAQ;4.16;MILAGRO
AGOGO 10U MENTA COOL GDE X40P;7.86101E+12;LA ESPAﾑOLA;PAQ;3.18;MILAGRO
AGOGO 300u BOLA CHICA x26F;7.86101E+12;LA ESPAﾑOLA;FUN;2.21;MILAGRO
AGOGO ACILIQUIDO MIX;7.86101E+12;LA ESPAﾑOLA;PAQ;2.98;MILAGRO
AGOGO BOLA GIGANTE    28FX50U;7.86101E+12;LA ESPAﾑOLA;FUN;2.21;MILAGRO
AGOGO C/LIQ SURT 40U DISP X16P;7.86101E+12;LA ESPAﾑOLA;PAQ;3;MILAGRO
AGOGO C/POLVO SURT 30P X40U;7.86101E+12;LA ESPAﾑOLA;PAQ;3.25;MILAGRO
AGOGO FRESA GR.X10X40PX345GR.;7.86101E+12;LA ESPAﾑOLA;PAQ;3.18;MILAGRO
AGOGO GDE X6 FRESA 30P;7.86101E+12;LA ESPAﾑOLA;PAQ;3.08;MILAGRO
AGOGO GOL GDE. X6U T/ FRUTTI X30P;7.86101E+12;LA ESPAﾑOLA;PAQ;3.06;MILAGRO
AGOGO GOOL TUTTI FRUTTI GDE X10X15X40P.;7.86101E+12;LA ESPAﾑOLA;PAQ;3.18;MILAGRO
AGOGO TUTTI/FRUTTI GR.X10X40PX330GR.;7.86101E+12;LA ESPAﾑOLA;PAQ;3.18;MILAGRO
AGOGO X6U MENTA COOL 30P;7.86101E+12;LA ESPAﾑOLA;PAQ;3.08;MILAGRO
AGOGO X6U TUTTI FRUTTI 30P;7.86101E+12;LA ESPAﾑOLA;PAQ;2.98;MILAGRO
ALMENDRA FRANCESA SURT;9789030222;LA ESPAﾑOLA;FUN;2.16;MILAGRO
ANGELITOS CELESTE 335 GR;7.60203E+11;LA ESPAﾑOLA;FUN;2.23;MILAGRO
ANGELITOS CHOCOLATE 335 GR;7.60203E+11;LA ESPAﾑOLA;FUN;2.23;MILAGRO
ANGELITOS COLOR 200GR;7.60203E+11;LA ESPAﾑOLA;FUN;1.36;MILAGRO
ANGELITOS COLOR 335 GR;7.60203E+11;LA ESPAﾑOLA;FUN;2.23;MILAGRO
ANGELITOS FLORES 200GR;7.60203E+11;LA ESPAﾑOLA;FUN;1.36;MILAGRO
ANGELITOS FRESA 335 GR;7.60203E+11;LA ESPAﾑOLA;FUN;2.23;MILAGRO
ANGELITOS TIRA 18 TX24U;7.60203E+11;LA ESPAﾑOLA;TIR;2.11;MILAGRO
ANGELITOS TORNADO 30GR;7.60203E+11;LA ESPAﾑOLA;FUN;0.21;MILAGRO
AMANCAY 100GR CABELLO ANGEL X50U;7.861E+12;LA ESPAﾑOLA;UND;0.18;MILAGRO
AMANCAY 100GR CANASTA CHICA X50U;7.861E+12;LA ESPAﾑOLA;UND;0.18;MILAGRO
AMANCAY 100GR CANASTA/MED X50U;7.861E+12;LA ESPAﾑOLA;UND;0.18;MILAGRO
AMANCAY 100GR FINO;7.861E+12;LA ESPAﾑOLA;UND;0.18;MILAGRO
AMANCAY 100GR LAZO 900;7.861E+12;LA ESPAﾑOLA;UND;0.18;MILAGRO
AMANCAY 100GR MACARRON;7.861E+12;LA ESPAﾑOLA;UND;0.18;MILAGRO
AMANCAY 100GR PLUMA CH;7.861E+12;LA ESPAﾑOLA;UND;0.18;MILAGRO
AMANCAY 100GR TORNILLO X50U;7.861E+12;LA ESPAﾑOLA;UND;0.18;MILAGRO
AMANCAY 200GR CANASTA /CH;7.861E+12;LA ESPAﾑOLA;UND;0.38;MILAGRO
AMANCAY 200GR CANASTA MD;7.861E+12;LA ESPAﾑOLA;UND;0.38;MILAGRO
AMANCAY 200GR CODITO;7.861E+12;LA ESPAﾑOLA;UND;0.38;MILAGRO
AMANCAY 200GR TORNILLO;7.861E+12;LA ESPAﾑOLA;UND;0.38;MILAGRO
AMANCAY 400GR CABELLO X25U;7.861E+12;LA ESPAﾑOLA;UND;0.59;MILAGRO
AMANCAY 400GR CANASTA CH;7.861E+12;LA ESPAﾑOLA;UND;0.59;MILAGRO
AMANCAY 400GR CANASTA MED;7.861E+12;LA ESPAﾑOLA;UND;0.59;MILAGRO
AMANCAY 400GR CARACOL;7.861E+12;LA ESPAﾑOLA;UND;0.59;MILAGRO
AMANCAY 400GR CODITO X25U(KIFERI);7.861E+12;LA ESPAﾑOLA;UND;0.59;MILAGRO
AMANCAY 400GR FINO;7.861E+12;LA ESPAﾑOLA;UND;0.59;MILAGRO
AMANCAY 400GR LAZO 900;7.861E+12;LA ESPAﾑOLA;UND;0.59;MILAGRO
AMANCAY 400GR MACARRON;7.861E+12;LA ESPAﾑOLA;UND;0.59;MILAGRO
AMANCAY 400GR PLUMA CHICA;7.861E+12;LA ESPAﾑOLA;UND;0.59;MILAGRO
AMANCAY 400GR TORNILLO;7.861E+12;LA ESPAﾑOLA;UND;0.59;MILAGRO
AMANCAY SPAGETTI  200GR.x100U.;7.861E+12;LA ESPAﾑOLA;UND;0.45;MILAGRO
AMANCAY SPAGHETTI 1.000 GR X12U;7.861E+12;LA ESPAﾑOLA;UND;1.35;MILAGRO
AMANCAY SPAGUETTI 400GR- AMARILLO;7.861E+12;LA ESPAﾑOLA;UND;0.55;MILAGRO
AMANCAY TALLARIN #87 400GR;7.86212E+12;LA ESPAﾑOLA;UND;0.77;MILAGRO
AMANCAY ZOO/CHEESE 220GR;7.861E+12;LA ESPAﾑOLA;UND;2;MILAGRO
ANIVENTURAS 12F   X380 GR;7.861E+12;LA ESPAﾑOLA;FUN;1.59;MILAGRO
ANIVENTURAS 40 GR X75U;7.861E+12;LA ESPAﾑOLA;UND;0.26;MILAGRO
APETITAS 135GR TACO VAINILLA X28U;7.86212E+12;LA ESPAﾑOLA;UND;0.36;MILAGRO
APETITAS 380G SAL X12U;7.86212E+12;LA ESPAﾑOLA;UND;1.4;MILAGRO
APETITAS 380G VAINILLA  X12U;7.86212E+12;LA ESPAﾑOLA;UND;1.4;MILAGRO
APETITAS 400G VAINILLA X10U;7.861E+12;LA ESPAﾑOLA;UND;1.02;MILAGRO
APETITAS A RECIBIR N/C.;05anc;LA ESPAﾑOLA;CAJ;20.18;MILAGRO
APETITAS CHOCOLATE 40GR X36U;7.861E+12;LA ESPAﾑOLA;UND;0.19;MILAGRO
APETITAS EXHIBIDOR 4 VAIN 4 SAL X15P;91303457;LA ESPAﾑOLA;PAQ;2.82;MILAGRO
APETITAS LIMON 40 GR X36U;7.861E+12;LA ESPAﾑOLA;UND;0.19;MILAGRO
APETITAS TACO SAL *PAG2.LL3;7.861E+12;LA ESPAﾑOLA;PAQ;1.03;MILAGRO
APETITAS TACO VAINILLA *PAG2.LL3;7.861E+12;LA ESPAﾑOLA;PAQ;1.03;MILAGRO
APETITAS TACO/SAL X135GR. X28U.;7.86212E+12;LA ESPAﾑOLA;UND;0.36;MILAGRO
AROM AER C/FRUTILLA 225GR;7.80504E+12;LA ESPAﾑOLA;UND;2.04;MILAGRO
AROM AER FANT. MARINA 225GR;7.80504E+12;LA ESPAﾑOLA;UND;2.04;MILAGRO
AROM AER LAVANDA 225G;7.80504E+12;LA ESPAﾑOLA;UND;2.04;MILAGRO
AROM AER VAINILLA/FLOR 225GR;7.80504E+12;LA ESPAﾑOLA;UND;2.04;MILAGRO
AMPIBEX 500G       10TX24U;7865TI;LA ESPAﾑOLA;UND;4.8;MILAGRO
AGUA MICELLAR DEEP F.400 ml ALOE;8.68155E+12;LA ESPAﾑOLA;UND;6.78;MILAGRO
AGUA/ROSAS THE FRUIT 300 ML;7.86117E+12;LA ESPAﾑOLA;UND;5.54;MILAGRO
ALCOHOL DROCARAS 120ML;7.86108E+12;LA ESPAﾑOLA;UND;0.5;MILAGRO
ALICATE KY004 ACERO;7.86117E+12;LA ESPAﾑOLA;UND;3.8;MILAGRO
ALICATE KY009 PLASTICO;7.86117E+12;LA ESPAﾑOLA;UND;2;MILAGRO
ALICATE MANO KY008 PLAST.;7.86117E+12;LA ESPAﾑOLA;UND;1.13;MILAGRO
ALICATE MANOS AS565 ACERO;7.86117E+12;LA ESPAﾑOLA;UND;3.29;MILAGRO
ALICATE PIE KY006 P/FINA;7.86117E+12;LA ESPAﾑOLA;UND;2.91;MILAGRO
AMORUS CONCEALER 01 FAIR MATTE;6.10895E+11;LA ESPAﾑOLA;UND;5.03;MILAGRO
AMORUS CONCEALER 02 LIGHT MATTE;6.10895E+11;LA ESPAﾑOLA;UND;5.03;MILAGRO
AMORUS CONCEALER 05 HONEY MATTE;6.10895E+11;LA ESPAﾑOLA;UND;5.03;MILAGRO
ANTIFAZ G.BEAUTY /LLANO 1205 C/GEL 4COL.;7.86117E+12;LA ESPAﾑOLA;UND;2.57;MILAGRO
ANTIFAZ G.BEAUTY /PANDA 1206 C/GEL 2COL.;7.86117E+12;LA ESPAﾑOLA;UND;2.57;MILAGRO
APLIQ. Uﾃ羨 SS5 CRYST.BLANCO KY226;7.86117E+12;LA ESPAﾑOLA;UND;0.51;MILAGRO
APLIQ.Uﾃ羨 SS4 CRYST.BLANCO KY225;7.86117E+12;LA ESPAﾑOLA;UND;0.6;MILAGRO
APLIQ.Uﾃ羨 SS6 CRYST.BLANCO KY227;7.86117E+12;LA ESPAﾑOLA;UND;0.6;MILAGRO
APLIQ.Uﾃ羨 SS8 CRYST.BLANCO KY228;7.86117E+12;LA ESPAﾑOLA;UND;0.6;MILAGRO
ANTENA DIRECTV PP 0.46 LH01-O-100;7.86117E+12;LA ESPAﾑOLA;UND;34.91;MILAGRO
AGUILA AERO INSECT LIMON 400ML;6.92655E+12;LA ESPAﾑOLA;UND;3.4;MILAGRO
AGUILA AERO INSECT NORMAL 400ML;6.92655E+12;LA ESPAﾑOLA;UND;3.4;MILAGRO
ACEITE SUPREMO  900 CC FUNDA X12U;7.86115E+12;LA ESPAﾑOLA;UND;1.56;MILAGRO
AGUA FOREST  600ML x15U;7.86213E+12;LA ESPAﾑOLA;UND;0.22;MILAGRO
3-CHANCHOS 15KL BLOQUE;7.861E+12;LA ESPAﾑOLA;BLQ;27.9;MILAGRO
3-CHANCHOS 1KL FUNDA;7.861E+12;LA ESPAﾑOLA;UND;2.1;MILAGRO
3-CHANCHOS 3KL BALDE;7.861E+12;LA ESPAﾑOLA;UND;7.1;MILAGRO
3-CHANCHOS 3KL BLOQUE;7.861E+12;LA ESPAﾑOLA;UND;6.35;MILAGRO
3-CHANCHOS 460GR X24U;7.861E+12;LA ESPAﾑOLA;UND;0.74;MILAGRO
3-CHANCHOS 50KL BLOQUE;7.861E+12;LA ESPAﾑOLA;BLQ;97.65;MILAGRO
3-CHANCHOS 560GR X24U;7.861E+12;LA ESPAﾑOLA;UND;0.88;MILAGRO
3-CHANCHOS 900GR TAZONA;7.861E+12;LA ESPAﾑOLA;UND;2.5;MILAGRO
3-CHANCHOS LB POPULAR  X20U;7.861E+12;LA ESPAﾑOLA;UND;0.94;MILAGRO
ACEITE TRIREFINADO 950CC FDA X12U;7.861E+12;LA ESPAﾑOLA;UND;1.53;MILAGRO
ACEITE TRIREFINADO BOT. 740ML X15U;7.861E+12;LA ESPAﾑOLA;UND;1.35;MILAGRO
ACEITE VIVI GIRASOL 500 ML    X24U;7.861E+12;LA ESPAﾑOLA;UND;1.4;MILAGRO
ACEITE OLITALIA 1.000 ML;8.00715E+12;LA ESPAﾑOLA;UND;19.7;MILAGRO
ACEITE OLITALIA 250ML.;8.00715E+12;LA ESPAﾑOLA;UND;5.99;MILAGRO
ACEITE OLITALIA 500ML;8.00715E+12;LA ESPAﾑOLA;UND;10.72;MILAGRO
AGUA NATIVA 625 CC  X12U;7.86211E+12;LA ESPAﾑOLA;UND;0.28;MILAGRO
ACEITE ROJO PREMIO ALMENDRA 300ML;7.75185E+12;LA ESPAﾑOLA;UND;2.26;MILAGRO
AMB. WIMPLUS CEREZA X48U;7.86101E+12;LA ESPAﾑOLA;NN;0.87;MILAGRO
AMB. WIMPLUS FRESA X48U;7.86101E+12;LA ESPAﾑOLA;NN;0.87;MILAGRO
AMB. WIMPLUS LAVANDA X48U;7.86101E+12;LA ESPAﾑOLA;NN;0.87;MILAGRO
AMB. WIMPLUS MANZANA X48U;7.86101E+12;LA ESPAﾑOLA;UND;0.87;MILAGRO
AMB. WIMPLUS MZNA/CANELA X48U;7.86101E+12;LA ESPAﾑOLA;NN;0.87;MILAGRO
ACEITE JHONSON 100ML;7.89101E+12;LA ESPAﾑOLA;UND;2.36;MILAGRO
ACEITE JHONSON 50ML;7.70203E+12;LA ESPAﾑOLA;UND;1.35;MILAGRO
AFEIT. BIC AQUA 48T X12U;70330729872;LA ESPAﾑOLA;UND;0.74;MILAGRO
AFEITABIC P24 X24U PLANCHAS;5182 MP;LA ESPAﾑOLA;M/P;4.1;MILAGRO
AFEITABIC P5/LL7 SENSITIVE  X96U;70330703469;LA ESPAﾑOLA;UND;2.25;MILAGRO
AFEITABIC X24U.+2U.FLEX / X25 PLANCHAS;5282MP;LA ESPAﾑOLA;M/P;4.1;MILAGRO
AGUA 1.200 ML CIELOx9U;7.86211E+12;LA ESPAﾑOLA;UND;0.42;MILAGRO
AGUA CIELO  400ML x24U;7.86211E+12;LA ESPAﾑOLA;UND;0.22;MILAGRO
AGUA CIELO  625ML x15U;7.75067E+12;LA ESPAﾑOLA;UND;0.28;MILAGRO
ALCOHOL 250 CC MIOSANA  X48U;7.86104E+12;LA ESPAﾑOLA;UND;0.9;MILAGRO
ALCOHOL SPRAY 120ML MIOSANA TE VERDE  X48U;7.86104E+12;LA ESPAﾑOLA;UND;1.03;MILAGRO
ALCOHOL SPRAY 240ML MIOSANA VAINILLA  X48U;7.86104E+12;LA ESPAﾑOLA;UND;1.9;MILAGRO
ﾂTOPEX LOCION 250 ML SECRETO/ABUELITA;7.86211E+12;LA ESPAﾑOLA;UND;1.74;MILAGRO
ACEITE ALDALUZ EXT.VIRGEN  1LT  X12U;8.43654E+12;LA ESPAﾑOLA;UND;12.65;MILAGRO
ACEITE ALDALUZ EXT.VIRGEN  250ML  X24U;8.43654E+12;LA ESPAﾑOLA;UND;4.42;MILAGRO
ACEITE ALDALUZ EXT.VIRGEN  500ML  X12U;8.43654E+12;LA ESPAﾑOLA;UND;7.67;MILAGRO
ACEITE ALDALUZ EXT.VIRGEN  750ML  X12U;8.43654E+12;LA ESPAﾑOLA;UND;10.32;MILAGRO
ACEITUNAS RELLENAS 180GR FDA MAESTRANZA  X30U;8.41087E+12;LA ESPAﾑOLA;UND;0.9;MILAGRO
ACEITUNAS RELLENAS 230GR FRASCO MAESTRANZA  X12U;8.41087E+12;LA ESPAﾑOLA;UND;2.2;MILAGRO
ACEITUNAS S/P 180GR FDA MAESTRANZA  X30U;8.41087E+12;LA ESPAﾑOLA;UND;1.07;MILAGRO
ACEITUNAS S/P 230GR FRASCO MAESTRANZA  X12U;8.41087E+12;LA ESPAﾑOLA;UND;1.97;MILAGRO
ACEITUNAS S/P 340GR FRASCO MAESTRANZA  X12U;8.41087E+12;LA ESPAﾑOLA;UND;2.1;MILAGRO
ALBACORA  ALIMESA 227GR;7.86212E+12;LA ESPAﾑOLA;UND;0.91;MILAGRO
ALBACORA LOMO ALIMESA LBS;2170;LA ESPAﾑOLA;LIB;3.7;MILAGRO
ALBACORA TROZO ALIMESA 2LB;7.86212E+12;LA ESPAﾑOLA;UND;5.6;MILAGRO
ACEIT. OLIVA CONDIMENSA 250 ML X24U;7.86213E+12;LA ESPAﾑOLA;UND;4.7;MILAGRO
AJI PARA SECO 100GR CONDIMENSA;7.8621E+12;LA ESPAﾑOLA;UND;0.6;MILAGRO
AJI PARA SECO/ENCEB 60G CONDIM FCO;7.86213E+12;LA ESPAﾑOLA;UND;0.88;MILAGRO
AJI SECO ENCEBOLLADO 150GR CONDIMENSA;7.8621E+12;LA ESPAﾑOLA;UND;1.2;MILAGRO
AJO EN POLVO 70G CONDIMENSA FCO;7.86213E+12;LA ESPAﾑOLA;UND;0.92;MILAGRO
AJO PASTA FDA 200GR. CONDIMENSA;7.8621E+12;LA ESPAﾑOLA;UND;0.6;MILAGRO
ALBAHACA 12G CONDIMENSA FCO;7.86213E+12;LA ESPAﾑOLA;UND;0.88;MILAGRO
ALBAHACA 30 GR CONDIMENSA X15U;7.8621E+12;LA ESPAﾑOLA;UND;1.8;MILAGRO
ALIﾃ前 200GR CONDIMENSA FUNDA X25U;7.861E+12;LA ESPAﾑOLA;UND;0.44;MILAGRO
ALIﾃ前 CONDIMENSA 310G BOT;7.8621E+12;LA ESPAﾑOLA;UND;0.83;MILAGRO
ALIﾃ前 CONDIMENSA DOYPACK 200G;7.8621E+12;LA ESPAﾑOLA;UND;0.51;MILAGRO
ALIﾃ前 TIRA 30gr CONDIMENSA 16TX15U;7.8621E+12;LA ESPAﾑOLA;TIR;1.04;MILAGRO
ALIﾃ前 TIRA CONDIMENSA 16TX30UX30G;7.8621E+12;LA ESPAﾑOLA;TIR;2.16;MILAGRO
ANIS ESPAﾃ前L TARJ. X20U CONDIMENSA;7.8621E+12;LA ESPAﾑOLA;TIR;4.35;MILAGRO
APANADURA 200GR CONDIMENSA X25U;7.861E+12;LA ESPAﾑOLA;UND;0.5;MILAGRO
AGUA 1 LT PURE NATURALLY X12;7.868E+12;LA ESPAﾑOLA;UND;0.38;MILAGRO
ANTIOQUEﾃ前 750ML;7.70205E+12;LA ESPAﾑOLA;UND;16.38;MILAGRO
ALKA SELTZER BOOST x10U;7.8611E+12;LA ESPAﾑOLA;DSP;3.09;MILAGRO
ACEITE MONARCA 950ML FDA  X12U;7.86213E+12;LA ESPAﾑOLA;UND;1.45;MILAGRO
ACEITE SUPER 950CC ROJO FUNDA X12U;7.86115E+12;LA ESPAﾑOLA;UND;1.68;MILAGRO
ACEITE SUPREMO  950 CC FUNDA X12U;7.86115E+12;LA ESPAﾑOLA;UND;2.47;MILAGRO
AIRE ACONDIC.12K MABE;20349;LA ESPAﾑOLA;UND;318.3;MILAGRO
ACEITE ALMENDRAS 30 ml COSMETICO;7.8621E+12;LA ESPAﾑOLA;UND;0.72;MILAGRO
ACEITE ALMENDRAS 30 ml LAXANTE;7.8621E+12;LA ESPAﾑOLA;UND;0.57;MILAGRO
ACEITE DE ARGAN 30 ml;7.8621E+12;LA ESPAﾑOLA;UND;1.49;MILAGRO
ACEITE DE CANIME 30ml;7.8621E+12;LA ESPAﾑOLA;UND;0.91;MILAGRO
ACEITE DE COCO 120 ml;7.8621E+12;LA ESPAﾑOLA;UND;1.37;MILAGRO
ACEITE DE COCO 30 ml;7.8621E+12;LA ESPAﾑOLA;UND;0.62;MILAGRO
ACEITE DE RICINO 30ML SIMONS X12U;7.86214E+12;LA ESPAﾑOLA;UND;0.72;MILAGRO
ACEITE DE ROMERO 30ml;7.8621E+12;LA ESPAﾑOLA;UND;0.6;MILAGRO
ACEITE/AGUACATE 120 ml;7.8621E+12;LA ESPAﾑOLA;UND;1.38;MILAGRO
ACEITE/AGUACATE 30 ml;7.8621E+12;LA ESPAﾑOLA;UND;0.6;MILAGRO
ACEITE/AGUACATE GF SPRAY 120 ml;7.8621E+12;LA ESPAﾑOLA;UND;1.75;MILAGRO
AGUA GOULARD X100ML X6U;7.8621E+12;LA ESPAﾑOLA;UND;0.55;MILAGRO
AGUA OXIGENADA X6U SIMONS;7.8621E+12;LA ESPAﾑOLA;UND;0.52;MILAGRO
ALCOHOL 1/4 SPRAY SIMONS;7.8621E+12;LA ESPAﾑOLA;UND;1.52;MILAGRO
ALCOHOL 1/5 SPRAY;09AM-Und.;LA ESPAﾑOLA;UND;2.35;MILAGRO
ALCOHOL 100CC SIMONS X6U;7.8621E+12;LA ESPAﾑOLA;UND;0.62;MILAGRO
ALCOHOL 1LT SIMONS;7.8621E+12;LA ESPAﾑOLA;UND;2.9;MILAGRO
ALCOHOL 250ML SIMONS;7.8621E+12;LA ESPAﾑOLA;UND;1.15;MILAGRO
ALCOHOL 500ML SIMONS;7.8621E+12;LA ESPAﾑOLA;UND;1.5;MILAGRO
ALCOHOL GALON  GF;201770;LA ESPAﾑOLA;UND;14.25;MILAGRO
ALCOHOL GEL 100ML DE ONE  X60U;7.8621E+12;LA ESPAﾑOLA;UND;0.99;MILAGRO
ALCOHOL GEL 250ML DE ONE   X24U;7.8621E+12;LA ESPAﾑOLA;UND;1.58;MILAGRO
ANIS ESPANOL GP TX15U;11032020506;LA ESPAﾑOLA;TIR;0.9;MILAGRO
ANIS ESTRELLADO GP  TX15U;11032020517;LA ESPAﾑOLA;TIR;0.9;MILAGRO
AJI PICA RICO 100ML  X24U;7.86102E+12;LA ESPAﾑOLA;UND;0.87;MILAGRO
AROS DE CEBOLLA OHANA 18TX6U;6.58325E+11;LA ESPAﾑOLA;TIR;1.15;MILAGRO
ALMENDRAS BONANZA 20T X12U;7.86105E+12;LA ESPAﾑOLA;TIR;2.45;MILAGRO
AMOXICILINA NIFA 500 MG    3TX10U;09AMX-Tir.;LA ESPAﾑOLA;TIR;1.5;MILAGRO
AGUA IMPERIAL 550ML LIMON X12U;7.86103E+12;LA ESPAﾑOLA;UND;0.66;MILAGRO
AGUA IMPERIAL 550ML MANDARINA X12U;7.86103E+12;LA ESPAﾑOLA;UND;0.66;MILAGRO
AGUA IMPERIAL 550ML TORONJA X12U;7.86103E+12;LA ESPAﾑOLA;UND;0.66;MILAGRO
AGUA LAS ROCAS    X  24U;10AR-Und.;LA ESPAﾑOLA;UND;0.21;MILAGRO
AIRE ACONDIC. 12K TCL ALTA EFIC.;5AC0603;LA ESPAﾑOLA;UND;268.1;MILAGRO
AIRE ACONDIC. 24K TCL ALTA EFIC.;14AAT-Und.;LA ESPAﾑOLA;UND;539.06;MILAGRO
AIRE ACONDIC. 36K TCL ALTA EFIC.;5AC0609;LA ESPAﾑOLA;UND;648.93;MILAGRO
AIRE ACONDIC.12K TCL 220V/60HZ;5AC06C1;LA ESPAﾑOLA;UND;318.51;MILAGRO
AIRE ACONDIC.12K TCL INVERTER;14ACO-Und.;LA ESPAﾑOLA;UND;316.25;MILAGRO
AIRE ACONDIC.18K CHIGO 220V/60HZ;5AC06C2;LA ESPAﾑOLA;UND;429.2;MILAGRO
AIRE ACONDIC.18K TCL INVERTER;5AC0601;LA ESPAﾑOLA;UND;453.84;MILAGRO
AIRE ACONDIC.24K CHIGO 220V/60HZ;5AC06C3;LA ESPAﾑOLA;UND;536.29;MILAGRO
AIRE ACONDIC.24K TCL INVERTER;5AC0602;LA ESPAﾑOLA;UND;562.68;MILAGRO
ARMADOR P/ROPA X6U;14ARR-Paq.;LA ESPAﾑOLA;PAQ;2.7;MILAGRO
ABACO PLASTICO 100 MULLOS;6.9714E+12;LA ESPAﾑOLA;UND;3.39;MILAGRO
ACEITE 3/1 CHICO;79567520306;LA ESPAﾑOLA;UND;0.92;MILAGRO
ACUARELA ALEX 12 COLORES;5.78236E+11;LA ESPAﾑOLA;UND;0.84;MILAGRO
ACUARELA LANCER 12 COLORES;4.71286E+12;LA ESPAﾑOLA;UND;0.92;MILAGRO
ACUARELA T/PALETA UTILESA 12 COLORES;7.86212E+12;LA ESPAﾑOLA;UND;0.92;MILAGRO
ADHESIVO  LARGO COLORES SURTIDOS;7.86211E+12;LA ESPAﾑOLA;UND;0.42;MILAGRO
ADHESIVO ANCHO T-11 AMARILLO;7.86211E+12;LA ESPAﾑOLA;UND;0.36;MILAGRO
ADHESIVO ANCHO T-11 ROSADO;7.86211E+12;LA ESPAﾑOLA;UND;0.36;MILAGRO
ADHESIVO CIRCULO ROSADO;7.86211E+12;LA ESPAﾑOLA;UND;0.36;MILAGRO
ADHESIVO CIRCULO VERDE;7.86211E+12;LA ESPAﾑOLA;UND;0.36;MILAGRO
ADHESIVO CORTO AMARILLO;14ACA;LA ESPAﾑOLA;UND;0.42;MILAGRO
ADHESIVO CORTO COLORES SURTIDOS;7.86211E+12;LA ESPAﾑOLA;UND;0.42;MILAGRO
ADHESIVO CORTO NARANJA;5831;LA ESPAﾑOLA;UND;0.42;MILAGRO
ADHESIVO CORTO ROSADO;14ACR;LA ESPAﾑOLA;UND;0.42;MILAGRO
ADHESIVO LARGO AMARILLO;7.86211E+12;LA ESPAﾑOLA;UND;0.42;MILAGRO
ADHESIVO LARGO BLANCO;2202U;LA ESPAﾑOLA;UND;0.42;MILAGRO
ADHESIVO LARGO NARANJA;7.86211E+12;LA ESPAﾑOLA;UND;0.42;MILAGRO
ADHESIVO LARGO ROJO;2203-U;LA ESPAﾑOLA;UND;0.42;MILAGRO
ADHESIVO LARGO VERDE;7.86211E+12;LA ESPAﾑOLA;UND;0.42;MILAGRO
ALMOHADILLA DACTILAR NEGRA LANCER;4.89462E+12;LA ESPAﾑOLA;UND;0.58;MILAGRO
ANILLO DE REFUERZO P/HOJAS;1149001;LA ESPAﾑOLA;UND;0.46;MILAGRO
ARCHIVADOR T/MALETIN LANCER A4;6.92058E+12;LA ESPAﾑOLA;UND;3.13;MILAGRO
ARCHIVADOR UNICO MEMO. NEGRO;7.86115E+12;LA ESPAﾑOLA;UND;2.26;MILAGRO
ARCHIVADOR UNICO TELEGR. NEGRO;7.86115E+12;LA ESPAﾑOLA;UND;2.26;MILAGRO
AGUARDIENTE SOCIO 375ML;7.86213E+12;LA ESPAﾑOLA;UND;2.88;MILAGRO
ALCOHOL ANTISEPTICO 500ML 70%;7.86213E+12;LA ESPAﾑOLA;UND;2.57;MILAGRO
ACEITE 1LT SAO BOTELLA X12U;7.7731E+12;LA ESPAﾑOLA;UND;2.29;MILAGRO
ACEITE DORADO 1LT FUNDA X 12;7.86214E+12;LA ESPAﾑOLA;UND;2.38;MILAGRO
ACEITE DORADO 300 ML FUNDA X 30;7.86214E+12;LA ESPAﾑOLA;UND;0.65;MILAGRO
ACEITE DORADO 375 ML FUNDA X 24;7.86214E+12;LA ESPAﾑOLA;UND;1.05;MILAGRO
ACEITE DORADO 900 ML FUNDA X 12;7.86214E+12;LA ESPAﾑOLA;UND;1.89;MILAGRO
ACEITE EL DORADO 5LT X 4;7.86214E+12;LA ESPAﾑOLA;UND;11.25;MILAGRO
ACEITE EL DORADO BOTELLA  900 ML X 15;7.86214E+12;LA ESPAﾑOLA;UND;2.34;MILAGRO
AFEITADORA SKY DOBLE HOJA X5U;5.99765E+12;LA ESPAﾑOLA;UND;1.8;MILAGRO
ARMADORES COLORES X6PZ.;6.93409E+12;LA ESPAﾑOLA;PAQ;2.26;MILAGRO
ALGODON 15GR FARMACOTON;7.86108E+12;LA ESPAﾑOLA;UND;0.32;MILAGRO
ALGODON 5 GR X120U FARMACOTON;7.86108E+12;LA ESPAﾑOLA;UND;0.12;MILAGRO
ALGODON 50GR FARMACOTON;7.86108E+12;LA ESPAﾑOLA;UND;0.93;MILAGRO
ALGODON 8GR FARMACOTON;7.86108E+12;LA ESPAﾑOLA;UND;0.2;MILAGRO
ARROZ @ CONEJO NATURAL;555555555;LA ESPAﾑOLA;UND;11.5;MILAGRO
ARROZ @ CONEJO VIEJO;7.86211E+12;LA ESPAﾑOLA;UND;14.5;MILAGRO
ARROZ @ LORO;7.86211E+12;LA ESPAﾑOLA;UND;13;MILAGRO
ARROZ @ RINDE QUE RINDE ENVEJ;153151;LA ESPAﾑOLA;UND;12.25;MILAGRO
ARROZ @ SUPER VIEJO;7.86211E+12;LA ESPAﾑOLA;UND;14;MILAGRO
3 - CORONAS 3KL BALDE X8U;7.861E+12;LA ESPAﾑOLA;UND;7.48;MILAGRO
3 CORONAS 454GR TARRINA X24U;7.861E+12;LA ESPAﾑOLA;UND;1.17;MILAGRO
3-CORONAS 15KL BLOQUE;7.861E+12;LA ESPAﾑOLA;BLQ;35.4;MILAGRO
3-CORONAS 3KL BLOQUE X8;7.861E+12;LA ESPAﾑOLA;UND;5.9;MILAGRO
3-CORONAS 454 GR FUNDA  X28U;7.861E+12;LA ESPAﾑOLA;UND;0.94;MILAGRO
3-CORONAS 50 KL BLOQUE;7.861E+12;LA ESPAﾑOLA;UND;77.9;MILAGRO
"ACEITE 1LT ""GIRASOLI"" X15U(IND ALES)";7.861E+12;LA ESPAﾑOLA;UND;2.69;MILAGRO
ACEITE ALESOL DOYPACK 380ML X15U;7.861E+12;LA ESPAﾑOLA;UND;0.99;MILAGRO
ACEITE DOS CORONAS 900 BOT. X 15U;7.861E+12;LA ESPAﾑOLA;UND;1.95;MILAGRO
ACEITE DOS CORONAS FDA 1LT X 12 UN;7.861E+12;LA ESPAﾑOLA;UND;1.93;MILAGRO
ACEITE LA REINA 1LTBOTELLA X 15U;7.861E+12;LA ESPAﾑOLA;UND;1.86;MILAGRO
ACEITE LA REINA 500 ML BOTELLA X 30U;7.861E+12;LA ESPAﾑOLA;UND;1.09;MILAGRO
ALESOL 1.8 LT BOTELLA X 6U;7.861E+12;LA ESPAﾑOLA;UND;3.78;MILAGRO
ALESOL 100 ML ACEITE  X24U;7.861E+12;LA ESPAﾑOLA;UND;0.25;MILAGRO
ALESOL 100ML ACHIOTE X24U;7.861E+12;LA ESPAﾑOLA;UND;0.4;MILAGRO
ALESOL 175 ML ACEITE  X16U;7.861E+12;LA ESPAﾑOLA;UND;0.4;MILAGRO
ALESOL 195 ML ACEITE  X16U;7.861E+12;LA ESPAﾑOLA;UND;0.62;MILAGRO
ALESOL 1LT FUNDA X12U;7.861E+12;LA ESPAﾑOLA;UND;1.93;MILAGRO
ALESOL 200ML ACEITE  X30U;7.861E+12;LA ESPAﾑOLA;UND;0.55;MILAGRO
ALESOL 200ML ACHIO-BOTELLA  X30U;7.861E+12;LA ESPAﾑOLA;UND;0.79;MILAGRO
ALESOL 390ML ACHIOTE  X30U;7.861E+12;LA ESPAﾑOLA;UND;1.72;MILAGRO
ALESOL 535ML FUNDA  X14U;7.861E+12;LA ESPAﾑOLA;UND;1.08;MILAGRO
ALESOL 760cc BOTELLA X15U;7.861E+12;LA ESPAﾑOLA;UND;1.35;MILAGRO
ALESOL 900 BOTELLA X 15U;7.861E+12;LA ESPAﾑOLA;UND;1.79;MILAGRO
ALESOL 900ML ACHIOTE  X15U;7.861E+12;LA ESPAﾑOLA;UND;2.85;MILAGRO
"ALESOL 900ML FUNDA ""C"" X12U";7.861E+12;LA ESPAﾑOLA;UND;1.38;MILAGRO
ALESOL ACHIOTE 500ML;7.861E+12;LA ESPAﾑOLA;UND;2.19;MILAGRO
ALESOL BOT. 390 ML X 30;7.861E+12;LA ESPAﾑOLA;UND;1.41;MILAGRO
ALESOL BOT. 500 ML X 30;7.861E+12;LA ESPAﾑOLA;UND;1.09;MILAGRO
ALESOL FDA 265ML ACEITE  X24U;7.861E+12;LA ESPAﾑOLA;UND;0.35;MILAGRO
ALESOL FUNDA 900ML;7.861E+12;LA ESPAﾑOLA;UND;1.49;MILAGRO
ALESOL FUNDA 937ML ﾂｨSﾂｨ;7.861E+12;LA ESPAﾑOLA;UND;1.85;MILAGRO
ALESOL GIRASOL 900ML X15U;7.861E+12;LA ESPAﾑOLA;UND;1.86;MILAGRO
ARROZ @ DON GRANO ENVEJECIDO;45534862;LA ESPAﾑOLA;UND;14.5;MILAGRO
ARROZ @ OLIMPO ENVEJECIDO;5455216;LA ESPAﾑOLA;UND;13.75;MILAGRO
ARROZ @ OSITO ENVEJECIDO;9848115;LA ESPAﾑOLA;UND;14.25;MILAGRO
ARROZ @ RUBI ENVEJECIDO;2515632056;LA ESPAﾑOLA;UND;13.5;MILAGRO
ACEITE OLIVA BORGES EXTRA VIRGEN 250ML;8.41018E+12;LA ESPAﾑOLA;UND;3.07;MILAGRO
AMARULA 750ccx12u;07AM-Und.;LA ESPAﾑOLA;UND;12.32;MILAGRO
ABEJALIN JRB. 120ML;09ABJ-Und.;LA ESPAﾑOLA;UND;5.5;MILAGRO
ALIﾃ前 ESPE /M.L BOTELLA  320GR X60U;7.86214E+12;LA ESPAﾑOLA;UND;0.83;MILAGRO
ALIﾃ前 ESPE /M.L CHICO 250GR X100U;7.861E+12;LA ESPAﾑOLA;UND;0.68;MILAGRO
ALIﾃ前 ESPE /M.L GDE 500GR X70U;7.861E+12;LA ESPAﾑOLA;UND;1.16;MILAGRO
ALIﾃ前 ML 1.200 GR       X24U;7.861E+12;LA ESPAﾑOLA;UND;2.52;MILAGRO
ACHIOTE 80GR MI BANQUETE;7.73644E+12;LA ESPAﾑOLA;UND;0.67;MILAGRO
AMARILLO AL HUEVO 23GR MI BANQUETE;78613508;LA ESPAﾑOLA;UND;0.67;MILAGRO
ANIS ESPAﾃ前L 35GR MI BANQUETE;78613539;LA ESPAﾑOLA;UND;0.67;MILAGRO
ANIS ESPAﾃ前L GRAND 70GR MI BANQUETE;7.861E+12;LA ESPAﾑOLA;UND;1.03;MILAGRO
ANIS ESTRELLADO 15GR MI BANQUETE;78613546;LA ESPAﾑOLA;UND;0.67;MILAGRO
ANIS ESTRELLADO GRAND 30Gr MI BANQUETE;7.861E+12;LA ESPAﾑOLA;UND;1.03;MILAGRO
AGUA GALON  4 LT SANAGUA x 12U;7.868E+12;LA ESPAﾑOLA;UND;0.77;MILAGRO
ACEIT RICA PALMA  500ML BOT X30U;7.86214E+12;LA ESPAﾑOLA;UND;0.92;MILAGRO
ACEIT RICA PALMA  900ML BOT X15U;7.868E+12;LA ESPAﾑOLA;UND;1.78;MILAGRO
ACEITE DOﾃ羨 PATTY 900ML FDA  X12U;7.86214E+12;LA ESPAﾑOLA;UND;1.62;MILAGRO
ACEITE RICA PALMA 5 LT;7.86214E+12;LA ESPAﾑOLA;UND;8.75;MILAGRO
ACHIOTE RICA PALMA BOT 200ML;7.86214E+12;LA ESPAﾑOLA;UND;0.68;MILAGRO
ACHIOTE RICA PALMA BOT 500ML;7.86214E+12;LA ESPAﾑOLA;UND;1.76;MILAGRO
ACEITE OLIVA EX.VIRGEN CONSUL;8.41027E+12;LA ESPAﾑOLA;UND;3.54;MILAGRO
AJI SUPER 100GR  X48U;7.86212E+12;LA ESPAﾑOLA;UND;0.55;MILAGRO
AJI SUPER 1K X30U;7.86212E+12;LA ESPAﾑOLA;UND;2.23;MILAGRO
AJI SUPER 300GR X24U;7.86212E+12;LA ESPAﾑOLA;UND;0.9;MILAGRO
ALINO CASERITO PET 300GR SUPER;7.86212E+12;LA ESPAﾑOLA;UND;0.73;MILAGRO
ALIﾃ前 200GR DPK X24U SUPER;7.86212E+12;LA ESPAﾑOLA;UND;0.45;MILAGRO
ALIﾃ前 CASERI 500GR PET X24U SUPER;7.86114E+12;LA ESPAﾑOLA;UND;0.95;MILAGRO
***AZUCAR N/C;01ANC-Saco;LA ESPAﾑOLA;SAC;95;MILAGRO
ACHIOTE LBS;1001;LA ESPAﾑOLA;UND;2.25;MILAGRO
AJI PERUANO LBS;1002;LA ESPAﾑOLA;LIB;0.5;MILAGRO
AJO MALLA PEQUEﾃ前  X22LB;1055;LA ESPAﾑOLA;LIB;1.47;MILAGRO
AJO MALLITAS 250GR     X40U;6.93055E+12;LA ESPAﾑOLA;UND;0.53;MILAGRO
AJONJOLI  LIBRA x100;1080;LA ESPAﾑOLA;LIB;1.95;MILAGRO
ALMENDRA LBSx22LB;1042;LA ESPAﾑOLA;LIB;4.2;MILAGRO
ALMIDON LBS;1004;LA ESPAﾑOLA;LIB;1.1;MILAGRO
ALPISTE     X100 LB  C/I;1058;LA ESPAﾑOLA;LIB;0.86;MILAGRO
ANIS ESPAﾃ前L 35 GR;91303137;LA ESPAﾑOLA;UND;9.49;MILAGRO
ANIS ESPAﾃ前L 75 GR;91303136;LA ESPAﾑOLA;UND;9.49;MILAGRO
ANIS ESPAﾃ前L LBS  55LB;1006;LA ESPAﾑOLA;LIB;2.7;MILAGRO
ANIS ESTRELLADO LIBRAS X22;1007;LA ESPAﾑOLA;LIB;4.1;MILAGRO
ARANDANOS   X25LB     S/I;1095;LA ESPAﾑOLA;LIB;3.6;MILAGRO
ARANDANOS LIBRAS X25;1090;LA ESPAﾑOLA;LIB;3.4;MILAGRO
AC. CLANS NUTRITIVO  1.000 ML;7.86211E+12;LA ESPAﾑOLA;UND;1.95;MILAGRO
ACEITE DE ARGAN CLANS 60ML X24U;7.86211E+12;LA ESPAﾑOLA;UND;2.36;MILAGRO
AGUA DE ROSAS CLANS 250ML  X12U;7.86211E+12;LA ESPAﾑOLA;UND;1.8;MILAGRO
AGUA MICELAR CLANS 400ML;7.86211E+12;LA ESPAﾑOLA;UND;2;MILAGRO
ALCOHOL LIFARLIT  C/T 500 CC;7.86212E+12;LA ESPAﾑOLA;UND;1.69;MILAGRO
ALCOHOL LIFARLIT  GALON;7.86212E+12;LA ESPAﾑOLA;UND;8.15;MILAGRO
ALCOHOL LIFARLIT  PACK 250 + 100 GRATIS;7.86212E+12;LA ESPAﾑOLA;UND;1.12;MILAGRO
ALCOHOL LIFARLIT  SPRAY 250 CC;7.86212E+12;LA ESPAﾑOLA;UND;1.19;MILAGRO
ACEITE AGUACATE 130ML PARACELSO X6U;7.86211E+12;LA ESPAﾑOLA;UND;1.71;MILAGRO
ACEITE AGUACATE 30ML PARACELSO X12U;7.86211E+12;LA ESPAﾑOLA;UND;0.66;MILAGRO
ACEITE AGUACATE 60ML PARACELSO X12U;7.86211E+12;LA ESPAﾑOLA;UND;0.94;MILAGRO
ACEITE ALMENDRAS 130ML PARACELSO X6U;7.86211E+12;LA ESPAﾑOLA;UND;1.95;MILAGRO
ACEITE ALMENDRAS 30ML PARACELSO X12U;7.86211E+12;LA ESPAﾑOLA;UND;0.63;MILAGRO
ACEITE ALMENDRAS 60ML PARACELSO X12U;7.86211E+12;LA ESPAﾑOLA;UND;1;MILAGRO
ACEITE COCO 130ML PARACELSO X6U;7.86211E+12;LA ESPAﾑOLA;UND;1.39;MILAGRO
ACEITE COCO 30ML PARACELSO X12U;7.86211E+12;LA ESPAﾑOLA;UND;0.66;SAMBORONDON
ACEITE COCO PARACELSO  60 ML X12U;7.86211E+12;LA ESPAﾑOLA;UND;0.93;MILAGRO
ALCOHOL GEL  PARACELSO ST  4LT X4U;7.86211E+12;LA ESPAﾑOLA;UND;12.1;MILAGRO
ALCOHOL GEL 1LT PARACELSO;7.86211E+12;LA ESPAﾑOLA;UND;3.99;MILAGRO
ALCOHOL PARACELSO   20 LT LIQUIDO;001PARACELSO-CAJ;LA ESPAﾑOLA;UND;39.2;MILAGRO
ALCOHOL PARACELSO 500 CC X24U;7.86211E+12;LA ESPAﾑOLA;UND;1.94;MILAGRO
ALCOHOL PARACELSO NIﾃ前S  250 ML X24U;7.86211E+12;LA ESPAﾑOLA;UND;2.42;MILAGRO
ALCOHOL PARACELSO SPRAY 1LT    X12U;7.86211E+12;LA ESPAﾑOLA;UND;3.84;MILAGRO
ALCOHOL PARACELSO SPRAY ST  120 CC X24U;7.86211E+12;LA ESPAﾑOLA;UND;1.04;MILAGRO
ALCOHOL PARACELSO SPRAY ST  250 CC X24U;7.86211E+12;LA ESPAﾑOLA;UND;1.7;MILAGRO
ALCOHOL PARACELSO SPRAY ST  500 CC X24U;7.86211E+12;LA ESPAﾑOLA;UND;2.57;MILAGRO
ALCOHOL PARACELSO ST  4LT X4U;7.86211E+12;LA ESPAﾑOLA;UND;8.4;MILAGRO
AFFIRMER SPLASH REESTRUCT.250 ML;1.78611E+13;LA ESPAﾑOLA;UND;6.93;MILAGRO
AMBROISIE KIT ALISADO 1 2 3 4;7.86108E+12;LA ESPAﾑOLA;UND;80.09;MILAGRO
AMBROISIE REP.ACOND 250ML;7.86108E+12;LA ESPAﾑOLA;UND;8.47;MILAGRO
AMBROISIE REPOLARIZANTE AC. 500ML;7.86108E+12;LA ESPAﾑOLA;UND;16.53;MILAGRO
AMBROISIE SHAMPOO 250ML;7.86108E+12;LA ESPAﾑOLA;UND;7.19;MILAGRO
AGUA 1LT ALL NATURAL  x9U;7.86108E+12;LA ESPAﾑOLA;UND;0.46;MILAGRO
AGUA 4LT ALL NATURAL;7.86108E+12;LA ESPAﾑOLA;UND;1.03;MILAGRO
AGUA 600ML ALL NATURAL  x15U;7.86108E+12;LA ESPAﾑOLA;UND;0.31;MILAGRO
AGUA 6LT ALL NATURAL  X4U;7.86108E+12;LA ESPAﾑOLA;UND;1.41;MILAGRO
ALIﾃ前 KATTY CH.250 GR   X112U;7.861E+12;LA ESPAﾑOLA;UND;0.64;MILAGRO
ALIﾃ前 KATTY GDE 500GR    X60U;7.861E+12;LA ESPAﾑOLA;UND;1.13;MILAGRO
>PROMO DET LAVATODO 80GR LIMON x120U;91306431-U;LA ESPAﾑOLA;UND;0.47;MILAGRO
A/OLIVA 200ML CARBONELL LATA X24;8.41001E+12;LA ESPAﾑOLA;UND;2.52;MILAGRO
ALCOHOL 500 ML JOLLY/ANTIB.;7.86105E+12;LA ESPAﾑOLA;UND;1.81;MILAGRO
ALCOHOL GEL JOLLY  60ML    X48U;7.86105E+12;LA ESPAﾑOLA;UND;0.64;MILAGRO
AMB. SUTTON LAVANDA 90GR   X72U;7.86107E+12;LA ESPAﾑOLA;UND;0.66;MILAGRO
AMB. SUTTON MANZANA 90GR   X72U;7.86107E+12;LA ESPAﾑOLA;UND;0.66;MILAGRO
AMBIENTAL SUTTON 90GR STRAWBERRY X72U;7.86107E+12;LA ESPAﾑOLA;UND;0.66;MILAGRO
AC. TIO ALOE VERA 415ML;7.79814E+12;LA ESPAﾑOLA;UND;7.91;MILAGRO
AC. TIO HIDRAT. COCO 415ML;7.79814E+12;LA ESPAﾑOLA;UND;7.91;MILAGRO
AC. TIO NACHO ACLARANTE 415ML;6.5024E+11;LA ESPAﾑOLA;UND;7.91;MILAGRO
AC. TIO NACHO ENGROSADOR 415ML;6.5024E+11;LA ESPAﾑOLA;UND;7.91;MILAGRO
AMPLIURINA FORTE  5T X10U;7861148010121T;LA ESPAﾑOLA;TIR;2.5;MILAGRO
ANALGAN 1 GR.    2T X10U;09AN-Tira;LA ESPAﾑOLA;TIR;2.23;MILAGRO
ALGODON 125GR CLEAN UP  X150U;125;LA ESPAﾑOLA;UND;1.28;MILAGRO
APANADURA 200GR MARCE  X24U;7.8621E+12;LA ESPAﾑOLA;UND;0.97;MILAGRO
AC. DIVINE ONE COCO 500 ML X36U;7.86212E+12;LA ESPAﾑOLA;UND;4.62;MILAGRO
AC. DIVINE ONE DURAZNO 500 ML X36U;7.86212E+12;LA ESPAﾑOLA;UND;4.62;MILAGRO
AC. DIVINE ONE FRUTILLA 500 ML X36U;7.86212E+12;LA ESPAﾑOLA;UND;4.62;MILAGRO
AC. DIVINE ONE MANZANA 500 ML X36U;7.86212E+12;LA ESPAﾑOLA;UND;4.62;MILAGRO
AC. DIVINE ONE SANDIA 500 ML X36U;7.86212E+12;LA ESPAﾑOLA;UND;4.62;MILAGRO
AMPOLLA PREV. CAIDA CHOCOLIFE X8U;7.86212E+12;LA ESPAﾑOLA;UND;3.08;MILAGRO
AFEITADORA DORCO X12U;8.80104E+12;LA ESPAﾑOLA;UND;2.57;MILAGRO
ACEITE ROJO FULLCLEAN X260ML;7.86211E+12;LA ESPAﾑOLA;UND;1.7;MILAGRO
ALCOHOL F.CLEAN  20 LT LIQUIDO;1570;LA ESPAﾑOLA;UND;42.1;MILAGRO
ALCOHOL F.CLEAN 1LT    X12U;7.86211E+12;LA ESPAﾑOLA;UND;2.46;MILAGRO
ALCOHOL F.CLEAN 250 CC X15U;7.86211E+12;LA ESPAﾑOLA;UND;1.18;MILAGRO
ALCOHOL F.CLEAN 4LT X5U;7.86211E+12;LA ESPAﾑOLA;UND;8.11;MILAGRO
ALCOHOL F.CLEAN 500 CC X24U;7.86211E+12;LA ESPAﾑOLA;UND;1.66;MILAGRO
ALCOHOL F.CLEAN SPRAY 120 ML X40U;7.86211E+12;LA ESPAﾑOLA;UND;1.11;MILAGRO
ALCOHOL F.CLEAN SPRAY 1LT X12U;7.86211E+12;LA ESPAﾑOLA;UND;2.93;MILAGRO
ALCOHOL F.CLEAN SPRAY 250 ML X24U;7.86211E+12;LA ESPAﾑOLA;UND;1.44;MILAGRO
ALCOHOL F.CLEAN SPRAY 500 ML X24U;7.86211E+12;LA ESPAﾑOLA;UND;2.16;MILAGRO
ALCOHOL GEL F.CLEAN 250 CC X15U;7.86211E+12;LA ESPAﾑOLA;UND;1.33;MILAGRO
ALCOHOL GEL F.CLEAN 2LT X8U;7.86211E+12;LA ESPAﾑOLA;UND;6.37;MILAGRO
ALCOHOL GEL F.CLEAN 4LT X4U  VALVULA;7.86211E+12;LA ESPAﾑOLA;UND;16.27;MILAGRO
ALCOHOL GEL F.CLEAN 500 CC X24U;7.86211E+12;LA ESPAﾑOLA;UND;4.08;MILAGRO
APANADURA DORADITA 250 GR MODERNA;7.86106E+12;LA ESPAﾑOLA;UND;0.85;MILAGRO
APANADURA DORADITA 500GR MODERNA;7.86106E+12;LA ESPAﾑOLA;UND;1.38;MILAGRO
ALIﾃ前 200 GR CAPRY DPACK X48U;7.86108E+12;LA ESPAﾑOLA;UND;0.46;MILAGRO
"AGUA 300ML ""MY WATER"" X12U";7.868E+12;LA ESPAﾑOLA;UND;0.14;MILAGRO
AGUA 600 ML MY WATER X24;7.868E+12;LA ESPAﾑOLA;UND;0.15;MILAGRO
"AGUA 600ML ""MY WATER"" X20U";7.868E+12;LA ESPAﾑOLA;UND;0.16;MILAGRO
AGUA GALON  4LT MY WATER;7.868E+12;LA ESPAﾑOLA;UND;0.62;MILAGRO
APETITOL JALEA NARANJA PROMO 1+1;7.86109E+12;LA ESPAﾑOLA;UND;5.7;MILAGRO
ADEREZO S/TOMATE 100GR MAGGI SACHET;7.861E+12;LA ESPAﾑOLA;UND;0.68;MILAGRO
AMOR 100GR CHOCOLATE X60U NESTLE;7.86109E+12;LA ESPAﾑOLA;UND;0.85;MILAGRO
AMOR 100GR FRESA X60U NESTLE;7.86109E+12;LA ESPAﾑOLA;UND;0.85;MILAGRO
AMOR 100GR LIMON;7.86109E+12;LA ESPAﾑOLA;UND;0.85;MILAGRO
AMOR 100GR NARANJA;7.86109E+12;LA ESPAﾑOLA;UND;0.85;MILAGRO
AMOR 175GR CHOCOLATE X36U NESTLE;7.86109E+12;LA ESPAﾑOLA;UND;1.45;MILAGRO
AMOR 175GR CLASICA;7.86109E+12;LA ESPAﾑOLA;UND;1.45;MILAGRO
AMOR 175GR FRESA;7.86109E+12;LA ESPAﾑOLA;UND;1.45;MILAGRO
AMOR 175GR NARANJA;7.86109E+12;LA ESPAﾑOLA;UND;1.45;MILAGRO
AMOR 175GR VAINILLA;7.86109E+12;LA ESPAﾑOLA;UND;1.45;MILAGRO
AMOR 699gr FAMILIAR(P2/LL3)X8PAQ;7.86109E+12;LA ESPAﾑOLA;PAQ;3.07;MILAGRO
AMOR CHOCOL 233GR NESTLE X26U;7.86109E+12;LA ESPAﾑOLA;UND;1.93;MILAGRO
AMOR CLASICA X100GR. X60U.(NESTLE);7.86109E+12;LA ESPAﾑOLA;UND;0.85;MILAGRO
AMOR DC AVELLANA 130 GR X48U;7.86109E+12;LA ESPAﾑOLA;UND;1.92;MILAGRO
AMOR DC CHOCO-FRESA 130 GR X48U;7.86109E+12;LA ESPAﾑOLA;UND;1.27;MILAGRO
AMOR DC CHOCO-FRESA 208GR X22U;7.86109E+12;LA ESPAﾑOLA;UND;3.29;MILAGRO
AMOR DC CHOCOLATE 130 GR X48U;7.86109E+12;LA ESPAﾑOLA;UND;1.16;MILAGRO
AMOR DC COCO 130 GR X48U;7.86109E+12;LA ESPAﾑOLA;UND;1.13;MILAGRO
AMOR DC FRESA 130 GR X48U;7.86109E+12;LA ESPAﾑOLA;UND;1.16;MILAGRO
AMOR DC LECHE 130 GR X48U;7.86109E+12;LA ESPAﾑOLA;UND;1.31;MILAGRO
AMOR DC LECHE-CHOCO  130 GR X48U;7.86109E+12;LA ESPAﾑOLA;UND;1.27;MILAGRO
AMOR DC LIMON- COCO 130 GR X48U;7.86109E+12;LA ESPAﾑOLA;UND;1.27;MILAGRO
AMOR DC VAINILLA 130 GR X48U;7.86109E+12;LA ESPAﾑOLA;UND;1.13;MILAGRO
AMOR MINI CHOCOLATE 56X40G;7.86109E+12;LA ESPAﾑOLA;UND;0.41;MILAGRO
AMOR MINI PEKES 56X40G;7.86109E+12;LA ESPAﾑOLA;UND;0.41;MILAGRO
AMOR PAQ 8U CHOCOLATE 22P X180GR;7.86109E+12;LA ESPAﾑOLA;PAQ;2.38;MILAGRO
AMOR PAQ X8U CLASICA  22P X180GR;7.86109E+12;LA ESPAﾑOLA;PAQ;2.38;MILAGRO
AMOR PAQ X8U FRESA X22P X180GR;7.86109E+12;LA ESPAﾑOLA;PAQ;2.38;MILAGRO
AMOR PAQ X8U VAINILLA  X22P X180GR;7.86109E+12;LA ESPAﾑOLA;PAQ;2.38;MILAGRO
AMOR PEKES X130GR X54U;7.86109E+12;LA ESPAﾑOLA;UND;1.22;MILAGRO
AMOR PEKES X8U(22P 204GR);7.86109E+12;LA ESPAﾑOLA;PAQ;2.68;MILAGRO
AMOR VAINILLA X100GR X60U;7.86109E+12;LA ESPAﾑOLA;UND;0.85;MILAGRO
ACEITE CORPORAL 60 ML  X12U;7.86211E+12;LA ESPAﾑOLA;UND;0.9;MILAGRO
ADOBO RICO SABOR 200GR;7.86101E+12;LA ESPAﾑOLA;UND;1;MILAGRO
AGUA MANA 1LT X12U;7.86101E+12;LA ESPAﾑOLA;UND;0.4;MILAGRO
AGUA MANA 5 LT X 4U;7.86101E+12;LA ESPAﾑOLA;UND;1.17;MILAGRO
AGUA MANA 500ML X15U;7.86101E+12;LA ESPAﾑOLA;UND;0.28;MILAGRO
AJI 100GR ORIENTAL   X24U;7.86101E+12;LA ESPAﾑOLA;UND;0.73;MILAGRO
AJI 100ML ORIENTAL X48U;7.86101E+12;LA ESPAﾑOLA;UND;0.73;MILAGRO
AJI 200GR ORIENTAL X24U.;7.86101E+12;LA ESPAﾑOLA;UND;1.32;MILAGRO
AJI ORIENTAL GALON X6U;7.86101E+12;LA ESPAﾑOLA;UND;12.92;MILAGRO
AGUA 1 LT PORTENTA   X12;10AP1L-U;LA ESPAﾑOLA;UND;0.41;MILAGRO
AGUA 600 ML PORTENTA X24;786800;LA ESPAﾑOLA;UND;0.21;MILAGRO
AGUA GALON  4 LT PORTENTA x 12U;7.868E+12;LA ESPAﾑOLA;UND;0.77;MILAGRO
ALCOHOL ANTSEPT ULTRACOL 1.000 ml;7.868E+12;LA ESPAﾑOLA;UND;2.72;MILAGRO
ALCOHOL ANTSEPT. ULTRACOL 3.785Ml;7.868E+12;LA ESPAﾑOLA;UND;8.11;MILAGRO
APANADURA LIBRAS LA ESPAﾃ前LA;2.00011E+12;LA ESPAﾑOLA;LIB;0.5;MILAGRO
AJI MOLIDO D.JOAQUIN 105GR X35U;7.86212E+12;LA ESPAﾑOLA;UND;0.83;MILAGRO
AGUA  FONTANA 3.78 LT;1.23457E+11;LA ESPAﾑOLA;UND;0.77;MILAGRO
AGUA 600ML FONTANA X15U;7.868E+12;LA ESPAﾑOLA;UND;0.2;MILAGRO
APANADURA LIBRAS DANDY;1093;LA ESPAﾑOLA;LIB;0.5;MILAGRO
AJI SUPREMO 2LT  X25U;13AS2-U;LA ESPAﾑOLA;UND;3.73;MILAGRO
AJI SUPREMO 300GR X30U;7.861E+12;LA ESPAﾑOLA;UND;0.74;MILAGRO
AJI SUPREMO 500GR X50U;7.861E+12;LA ESPAﾑOLA;UND;1;MILAGRO
AJI SUPREMO GALON  X8U;7.861E+12;LA ESPAﾑOLA;UND;7.29;MILAGRO
ALIﾃ前 SUPREMO 500GR x 50U;7.861E+12;LA ESPAﾑOLA;UND;1;MILAGRO
ARETES VARIADOS PQ X12U;07AR-Und.;LA ESPAﾑOLA;UND;1.03;MILAGRO
A.ARBOLITO 175 ML X50U;8.00409E+12;LA ESPAﾑOLA;UND;2.5;MILAGRO
A.ARBOLITO 500GR GRDE.;8.00409E+12;LA ESPAﾑOLA;UND;6.14;MILAGRO
ACEI ARBOLITO 250GR DE OLIVA  X50U;8.00409E+12;LA ESPAﾑOLA;UND;5.75;MILAGRO
ACEITE OLIVA EXTRA VIRGEN RS JARRA 250ML;8.4207E+12;LA ESPAﾑOLA;UND;4.21;MILAGRO
ACEITE OLIVA RS JARRA 250ML;8.4207E+12;LA ESPAﾑOLA;UND;5.8;MILAGRO
APRONAX 550 MG   2TX10U;09AP5N;LA ESPAﾑOLA;TIR;4.45;MILAGRO
ANILLOS TIRA;05ANT;LA ESPAﾑOLA;TIR;1.05;MILAGRO
ANIMAL BOTELLA;05AB;LA ESPAﾑOLA;TIR;1.05;MILAGRO
ANIMAL CRECEDOR;05ACR;LA ESPAﾑOLA;TIR;1.05;MILAGRO
ARETES TIRA;05AT;LA ESPAﾑOLA;TIR;1.05;MILAGRO
AROMATEL 900 BOT. FLORAL X12U;7.86211E+12;LA ESPAﾑOLA;UND;2.48;MILAGRO
AROMAX DUO  144PX4U;7.70235E+12;LA ESPAﾑOLA;UND;0.51;MILAGRO
AROMAX DUO  16PX40U;7.70235E+12;LA ESPAﾑOLA;UND;3.13;MILAGRO
AROMAX DUO  24TX24U;7.70235E+12;LA ESPAﾑOLA;UND;3.03;MILAGRO
AROMAX DUO  30PX10U;7.70235E+12;LA ESPAﾑOLA;UND;1.22;MILAGRO
AROMAX DUO 24PX20U;7.70235E+12;LA ESPAﾑOLA;UND;1.92;MILAGRO
AGENDA DE FUTBOL;6.60039E+12;LA ESPAﾑOLA;PAQ;2.6;MILAGRO
AGENDA PASTA BLANDA  KAWAI;6.60082E+12;LA ESPAﾑOLA;UND;4.62;MILAGRO
AGENDA PASTA DURA CUADROS/ DISEﾃ前S;6.6005E+12;LA ESPAﾑOLA;UND;3.59;MILAGRO
ALFAJORES 140GR BANDEJA;7.86214E+12;LA ESPAﾑOLA;UND;1.5;MILAGRO
ACON.CHOCO FRIZZ PROF.130ML;7.86212E+12;LA ESPAﾑOLA;UND;1.89;MILAGRO
ACON.TENTACION REC.TOTAL 130ML;7.86212E+12;LA ESPAﾑOLA;UND;1.89;MILAGRO
ACON.UVA FRIZZ PREMIUM 130ML;7.86212E+12;LA ESPAﾑOLA;UND;1.89;MILAGRO
ALISADOR CHOCO 125ML;7.86212E+12;LA ESPAﾑOLA;UND;24.95;MILAGRO
ALISADOR COCO 125ML;7.86212E+12;LA ESPAﾑOLA;UND;24.95;MILAGRO
ALISADOR ETERNITY 125ML;7.86212E+12;LA ESPAﾑOLA;UND;24.95;MILAGRO
AMARIGE ACOND. REC TOTAL 120ML;7.86212E+12;LA ESPAﾑOLA;UND;1.89;MILAGRO
AMARIGE SHAMPOO 120ML;7.86212E+12;LA ESPAﾑOLA;UND;1.89;MILAGRO
AGUA TONICA 2LT LIMTONIC (AZUL) X6U;7.86108E+12;LA ESPAﾑOLA;UND;1.87;MILAGRO
777 MEN 100ML X1U;8.95589E+11;LA ESPAﾑOLA;UND;6.67;MILAGRO
AQUARIUM FOUR HOMME 100ML X1U;14APH-Und.;LA ESPAﾑOLA;UND;6.67;MILAGRO
AGUA NAOW  625ML x15U;7.73644E+12;LA ESPAﾑOLA;UND;0.5;MILAGRO
ALCOHOL 1LT FERCEVSA  X12U;7.86212E+12;LA ESPAﾑOLA;UND;2.48;MILAGRO
ALCOHOL 250 CC FERCEVSA X48U;7.86212E+12;LA ESPAﾑOLA;UND;0.77;MILAGRO
ALCOHOL 250 GEL FERCEVSA X48U;7.86212E+12;LA ESPAﾑOLA;UND;2.04;MILAGRO
ALCOHOL 250 SPRAY FERCEVSA X48U;7.86212E+12;LA ESPAﾑOLA;UND;1.13;MILAGRO
ALCOHOL 3.8 LT FERCEVSA  X4U;7.86212E+12;LA ESPAﾑOLA;UND;8.57;MILAGRO
ALCOHOL GEL 20 LT FERCEVSA;131401;LA ESPAﾑOLA;UND;50.16;MILAGRO
ALCOHOL GEL 20 LT FULL CLEAN;2077;LA ESPAﾑOLA;UND;50.16;MILAGRO
ACEITE MAD.CLARAS MOEBEL  X24U;7.8611E+12;LA ESPAﾑOLA;UND;2.57;MILAGRO
ACEITE ONLY-ONE 120 ML;7.8611E+12;LA ESPAﾑOLA;UND;1.38;MILAGRO
ACEITE ROJO MOEBEL  X24U;7.8611E+12;LA ESPAﾑOLA;UND;2.57;MILAGRO
ADEREZO P/ENSALADA 300ML FERNANDOS;6.53982E+11;LA ESPAﾑOLA;UND;2.23;MILAGRO
AJI 100ML FERNANDOS X24U;6.53982E+11;LA ESPAﾑOLA;UND;1.03;MILAGRO
AJI 165 ML FERNANDOS X24U;6.53982E+11;LA ESPAﾑOLA;UND;1.44;MILAGRO
AC ACEIT ARGAN OIL 1000ML MEICYS X12U;7.70723E+12;LA ESPAﾑOLA;UND;9.82;MILAGRO
2 LASAGﾃ羨 200GR +CUBIERTOS;7.86103E+12;LA ESPAﾑOLA;UND;4.2;MILAGRO
ACEITE GIRASOL VERDE PAMPA 900ML X15U;7.86103E+12;LA ESPAﾑOLA;UND;2.85;MILAGRO
AFEIT. SCHICK XTREME III 12TX12;7.59107E+12;LA ESPAﾑOLA;UND;0.83;MILAGRO
ACEITU SACH C/HUES 220GR SNOB;7.861E+12;LA ESPAﾑOLA;UND;1.67;MILAGRO
ACEITU.FRASCO C/HUESO 240GR.;7.861E+12;LA ESPAﾑOLA;UND;2.48;MILAGRO
ACEITU.FRASCO S/HUESO 240GR. SNOB;7.861E+12;LA ESPAﾑOLA;UND;2.65;MILAGRO
ACEITU.SACHET RELLENA C/PIMIENT 220G SNOB;7.861E+12;LA ESPAﾑOLA;UND;1.67;MILAGRO
ACEITU.SACHET S/HUESO 220GR SNOB;7.861E+12;LA ESPAﾑOLA;UND;1.75;MILAGRO
AJI CON CHOCHO SNOB 310GR;7.861E+12;LA ESPAﾑOLA;UND;2.24;MILAGRO
AIRE ACONDIC. 18K TCL ALTA EFIC.;14AA18-Und.;LA ESPAﾑOLA;UND;456.92;MILAGRO
AIRE ACONDIC. 60 TBC 60ZCRA/U2I-C;5ACT60K;LA ESPAﾑOLA;UND;1466.25;MILAGRO
AMPLIFICADOR 4/CANAL KAC-7406 K;19048205568;LA ESPAﾑOLA;UND;154.74;MILAGRO
AJO GRANULADO DOﾃ羨 PETRA 50GR X10U;7.86211E+12;LA ESPAﾑOLA;UND;0.58;MILAGRO
AJO POLVO FCO  DOﾃ羨 PETRA 50GR X10U;7.86211E+12;LA ESPAﾑOLA;UND;1.02;MILAGRO
AGUA 1.2LT PURE WATER  X9U;7.86211E+12;LA ESPAﾑOLA;UND;0.44;MILAGRO
AGUA 6.000 ml  PURE WATER x4U;1.78621E+13;LA ESPAﾑOLA;UND;1.4;MILAGRO
AGUA 625ML PURE WATER  X12U;7.86107E+12;LA ESPAﾑOLA;UND;0.21;MILAGRO
AGUA 625ML PURE WATER  X15U;7.86107E+12;LA ESPAﾑOLA;UND;0.3;MILAGRO
AGUA GALON  PURE WATER X4U;7.86107E+12;LA ESPAﾑOLA;UND;0.93;MILAGRO
AFEITADORA FRESCO BARBA 2  12PX24U;7.868E+12;LA ESPAﾑOLA;PLA;2.57;MILAGRO
ABRILLANTADOR/LLANTAS 250ML FRESHCAR;7.86107E+12;LA ESPAﾑOLA;UND;4.89;MILAGRO
ACEITE LUCERA CUBRE RASGUﾃ前S 250ML.;7.86107E+12;LA ESPAﾑOLA;UND;1.64;MILAGRO
ACEITE MAD. CLARAS LUCERA 250ML.;7.86107E+12;LA ESPAﾑOLA;UND;1.64;MILAGRO
ACEITE ROJO LUCERA 250ML.;7.86107E+12;LA ESPAﾑOLA;UND;1.64;MILAGRO
AMB.FRESSITA CEREZA GEL;7.86107E+12;LA ESPAﾑOLA;UND;1.03;MILAGRO
AMB.FRESSITA CONO COCO VAINILLA;7.86107E+12;LA ESPAﾑOLA;UND;2.36;MILAGRO
AMB.FRESSITA CONO FRUTILLA;7.86107E+12;LA ESPAﾑOLA;UND;2.36;MILAGRO
AMB.FRESSITA CONO MZ.CANELA;7.86107E+12;LA ESPAﾑOLA;UND;2.36;MILAGRO
AMB.FRESSITA FLORAL GEL;7.86107E+12;LA ESPAﾑOLA;UND;1.03;MILAGRO
AMB.FRESSITA FRUTILLA GEL;7.86107E+12;LA ESPAﾑOLA;UND;1.03;MILAGRO
AMB.FRESSITA LAVANDA/ MANZANILLA GEL;7.86107E+12;LA ESPAﾑOLA;UND;1.03;MILAGRO
AMB.FRESSITA MANZ/CANELA GEL;7.86107E+12;LA ESPAﾑOLA;UND;1.03;MILAGRO
AMB.FRESSITA MANZANA GEL;7.86107E+12;LA ESPAﾑOLA;UND;1.03;MILAGRO
AMB.AIRFRESH CANELAx144U;7.86211E+12;LA ESPAﾑOLA;UND;0.81;MILAGRO
AMB.AIRFRESH FRESAx144U;7.861E+12;LA ESPAﾑOLA;UND;0.81;MILAGRO
AMB.AIRFRESH FRUTASx144U;7.86211E+12;LA ESPAﾑOLA;UND;0.81;MILAGRO
AMB.AIRFRESH LIMONx144U;7.86211E+12;LA ESPAﾑOLA;UND;0.81;MILAGRO
AMB.AIRFRESH MANZANAx144U;7.861E+12;LA ESPAﾑOLA;UND;0.81;MILAGRO
ARMADORES P/ROPA TORPLAS;7.8611E+12;LA ESPAﾑOLA;UND;0.31;MILAGRO
ACEITE MAIZ ARCOR  890ML  X12U;7.79058E+12;LA ESPAﾑOLA;UND;1.47;MILAGRO
ALFAJOR BON O BON BLANCO X40U;7.79004E+12;LA ESPAﾑOLA;UND;0.56;MILAGRO
ALFAJOR BON O BON LECHE  X40U;7.79004E+12;LA ESPAﾑOLA;UND;0.56;MILAGRO
ALFAJOR BON O BON LECHE TIRA  X 4U;7.73644E+12;LA ESPAﾑOLA;TIR;1.75;MILAGRO
ALFAJOR GOLPE   X 56U;7.80223E+12;LA ESPAﾑOLA;UND;0.28;MILAGRO
ALFAJOR GOLPE TIRA  X 5U;7.73644E+12;LA ESPAﾑOLA;TIR;1.28;MILAGRO
ALKA MINI  LIMON 400GR X 5 DSP;7.75717E+12;LA ESPAﾑOLA;DSP;3.95;MILAGRO
ALKA MINI  MENTA 400GR X 5 DSP;7.75717E+12;LA ESPAﾑOLA;DSP;3.95;MILAGRO
ALKA MINI  MENTOL  400GR X 5 DSP;7.75717E+12;LA ESPAﾑOLA;DSP;3.95;MILAGRO
ALKA MINI LIMON TIRA X5U;91305334;LA ESPAﾑOLA;TIR;1.01;MILAGRO
ALKA MINI MENTA TIRA X5U;91305333;LA ESPAﾑOLA;TIR;1.01;MILAGRO
ALKA MINI MENTOL TIRA X5U;91305335;LA ESPAﾑOLA;TIR;1.01;MILAGRO
ANTOJO BON O BON 12DX330GX30U;7.75717E+12;LA ESPAﾑOLA;DSP;3.07;MILAGRO
***********SEDAL SH. CASPA 18ML SACHETx10U;7.861E+12;LA ESPAﾑOLA;TIR;2.55;MILAGRO
*AROMATEL 900ML PACK X2U MANZANA;7.861E+12;LA ESPAﾑOLA;PAQ;4.62;MILAGRO
AC SAVITAL 490ML MULTIOLEOS X12U;7.70201E+12;LA ESPAﾑOLA;UND;4.26;MILAGRO
ALCOHOL GEL REXONA C/P X 240 ML;7.861E+12;LA ESPAﾑOLA;UND;2.31;MILAGRO
ALCOHOL GEL REXONA S/P X 240 ML;7.861E+12;LA ESPAﾑOLA;UND;2.31;MILAGRO
ALCOHOL GEL REXONA X 60 ML;7.861E+12;LA ESPAﾑOLA;UND;0.46;MILAGRO
ALCOHOL REXONA 60ML  X12U;7.861E+12;LA ESPAﾑOLA;UND;1.11;MILAGRO
AROMATE 340ML LAVAN VAINI X30U;7.861E+12;LA ESPAﾑOLA;UND;0.83;MILAGRO
AROMATEL 1.900ML COCO-BAMBU    X6U;7.861E+12;LA ESPAﾑOLA;UND;4.93;MILAGRO
AROMATEL 1.900ML FLORAL X6U;7.861E+12;LA ESPAﾑOLA;UND;4.93;MILAGRO
AROMATEL 1.900ML LAV-VAINILLA    X6U;7.861E+12;LA ESPAﾑOLA;UND;4.93;MILAGRO
AROMATEL 1.900ML MANDARINA     X6U;7.861E+12;LA ESPAﾑOLA;UND;4.93;MILAGRO
AROMATEL 340 ML COCO-BAMBU;7.861E+12;LA ESPAﾑOLA;UND;0.83;MILAGRO
AROMATEL 340 ML FLORAL;7.861E+12;LA ESPAﾑOLA;UND;0.83;MILAGRO
AROMATEL 340 ML FR.ROJOS;7.861E+12;LA ESPAﾑOLA;UND;0.83;MILAGRO
AROMATEL 340 ML MANDARINA;7.861E+12;LA ESPAﾑOLA;UND;0.83;MILAGRO
AROMATEL 370 ML COCO-BAMBU;7.861E+12;LA ESPAﾑOLA;UND;0.83;MILAGRO
AROMATEL 370 ML FLORAL;7.861E+12;LA ESPAﾑOLA;UND;0.83;MILAGRO
AROMATEL 370 ML FR.ROJOS;7.861E+12;LA ESPAﾑOLA;UND;0.83;MILAGRO
AROMATEL 370 ML LAVANDA MORA;7.861E+12;LA ESPAﾑOLA;UND;0.83;MILAGRO
AROMATEL 370 ML MANDARINA;7.861E+12;LA ESPAﾑOLA;UND;0.83;MILAGRO
AROMATEL 425ML COCO-BAMBU;7.861E+12;LA ESPAﾑOLA;UND;0.82;MILAGRO
AROMATEL 425ML FLORAL;7.861E+12;LA ESPAﾑOLA;UND;0.82;MILAGRO
AROMATEL 425ML FR.ROJOS;7.861E+12;LA ESPAﾑOLA;UND;0.82;MILAGRO
AROMATEL 425ML LAVANDA;7.861E+12;LA ESPAﾑOLA;UND;0.82;MILAGRO
AROMATEL 425ML MANDARINA/FL.;7.861E+12;LA ESPAﾑOLA;UND;0.82;MILAGRO
AROMATEL 425ML MANZANA VERDE;7.861E+12;LA ESPAﾑOLA;UND;1.03;MILAGRO
AROMATEL 425ML X3 LAVANDA+ DET.350;7.86211E+12;LA ESPAﾑOLA;PAQ;3.1;MILAGRO
AROMATEL 550ML LAVANDA MORA;7.861E+12;LA ESPAﾑOLA;UND;1.2;MILAGRO
AROMATEL 900 D.PACK COCO-BAMBU X10U;7.861E+12;LA ESPAﾑOLA;UND;2.25;MILAGRO
AROMATEL 900 D.PACK FLORAL X10U;7.861E+12;LA ESPAﾑOLA;UND;2.25;MILAGRO
AROMATEL 900 D.PACK FR. ROJOS X10U;7.861E+12;LA ESPAﾑOLA;UND;2.25;MILAGRO
AROMATEL 900 D.PACK LAV-VAINILLA X10U;7.861E+12;LA ESPAﾑOLA;UND;2.25;MILAGRO
AROMATEL 900 D.PACK LAVANDA/MORA X10U;7.861E+12;LA ESPAﾑOLA;UND;2.25;MILAGRO
AROMATEL 900 D.PACK MANDARINA X10U;7.861E+12;LA ESPAﾑOLA;UND;2.25;MILAGRO
AROMATEL 900ML BOT.FR.ROJOS   X12U;7.86211E+12;LA ESPAﾑOLA;UND;2.48;MILAGRO
AROMATEL 900ML BOT.LAVANDA   X12U;7.86211E+12;LA ESPAﾑOLA;UND;2.48;MILAGRO
AROMATEL 900ML BOT.MANDARINA/FL X12U;7.861E+12;LA ESPAﾑOLA;UND;2.48;MILAGRO
AROMATEL 900ML BOT.MANZANA   X12U;7.86211E+12;LA ESPAﾑOLA;UND;2.48;MILAGRO
AROMATEL 900ML PACK X2U COCO-BAMBU;7.861E+12;LA ESPAﾑOLA;PAQ;4.5;MILAGRO
AROMATEL 900ML PACK X2U FLORAL;7.861E+12;LA ESPAﾑOLA;PAQ;4.5;MILAGRO
AROMATEL 900ML PACK X2U FR.ROJOS;7.861E+12;LA ESPAﾑOLA;PAQ;4.5;MILAGRO
AROMATEL 900ML PACK X2U LAVANDA;7.861E+12;LA ESPAﾑOLA;PAQ;4.5;MILAGRO
AROMATEL 900ML PACK X2U MANDARINA;7.861E+12;LA ESPAﾑOLA;PAQ;4.5;MILAGRO
AROMATEL CELEST 1650ML     X8U;7.861E+12;LA ESPAﾑOLA;UND;4.74;MILAGRO
AROMATEL COCO-BAMBU 115 ML;7.861E+12;LA ESPAﾑOLA;UND;0.37;MILAGRO
AROMATEL COCO-BAMBU TIRA 50ML;7.861E+12;LA ESPAﾑOLA;TIR;2.05;MILAGRO
AROMATEL FLORAL 150 ML;7.861E+12;LA ESPAﾑOLA;UND;0.43;MILAGRO
AROMATEL FLORAL TIRA 40ML;7.861E+12;LA ESPAﾑOLA;TIR;1.9;MILAGRO
AROMATEL FR. ROJOS 50ML TIRA X10U;7.861E+12;LA ESPAﾑOLA;TIR;2.05;MILAGRO
AROMATEL FR.ROJOS 150 ML;7.861E+12;LA ESPAﾑOLA;UND;0.43;MILAGRO
AROMATEL FR.ROJOS 1650ML     X8U;7.70235E+12;LA ESPAﾑOLA;UND;4.74;MILAGRO
AROMATEL LAV-VAINILLA 150 ML;7.861E+12;LA ESPAﾑOLA;UND;0.43;MILAGRO
AROMATEL LAVAN/VAINI 370ML X30U;7.861E+12;LA ESPAﾑOLA;UND;0.83;MILAGRO
AROMATEL LAVANDA 115 ML;7.861E+12;LA ESPAﾑOLA;UND;0.37;MILAGRO
AROMATEL LAVANDA 150 ML;7.861E+12;LA ESPAﾑOLA;UND;0.43;MILAGRO
AROMATEL LAVANDA 1650ML   X8U;7.861E+12;LA ESPAﾑOLA;UND;4.74;MILAGRO
AROMATEL MANDARINA TIRA 50ML;7.861E+12;LA ESPAﾑOLA;TIR;2.05;MILAGRO
AROMATEL MANDARINA/FL 115 ML;7.861E+12;LA ESPAﾑOLA;UND;0.37;MILAGRO
AROMATEL MANZANA 115ML;7.861E+12;LA ESPAﾑOLA;UND;0.37;MILAGRO
AROMATEL MANZANA 1650ML   X8U;7.70235E+12;LA ESPAﾑOLA;UND;4.74;MILAGRO
AJONJOLI X15U;7.73644E+12;LA ESPAﾑOLA;PAQ;0.96;MILAGRO
ARROZ CONEJO  X100LB *YAG.;1073;LA ESPAﾑOLA;LIB;0.41;MILAGRO
ALQUILER ESPACIO DE VISIBILIDAD ABRIL/2024;91305483;LA ESPAﾑOLA;UND;172.5;MILAGRO
ACEITE OLD ENGLISH 220ML;7.70263E+12;LA ESPAﾑOLA;UND;3.16;MILAGRO
AIR WICK APARATO + REP.OASIS;7.70262E+12;LA ESPAﾑOLA;UND;8.27;MILAGRO
AIR WICK REPUESTO MAGNOLIA X6U;06WRMG-Und.;LA ESPAﾑOLA;UND;8.21;MILAGRO
AIR WICK REPUESTO MANZANA X6U;06WRM-Und.;LA ESPAﾑOLA;UND;8.21;MILAGRO
AIRWICK RPTO. LIRIOS/ LUNA;8.4101E+12;LA ESPAﾑOLA;UND;9.04;MILAGRO
AIRWICK RPTO.MZ. CANELA;7.50106E+12;LA ESPAﾑOLA;UND;9.04;MILAGRO
APLANCHADOS BRIGITH 100GR;7.868E+12;LA ESPAﾑOLA;UND;0.95;MILAGRO
AGUA 500ML A.W.A.x24U;7.861E+12;LA ESPAﾑOLA;UND;0.26;MILAGRO
